HOUSEHOLD_ID,J01_WORRIED,J02_NOT_EATEN_HEALTHY,J03_ATE_FEW_FOOD,J04_SKIPPED_MEAL,J05_ATE_LESS,J06_RAN_OUT_OF_FOOD,J07_HUNGRY,J08_NOT_EATEN_WHOLE_DAY,J09_NOT_EATEN_WHOLE_DAY_PAST_3_MONTHS,K03_C_SAVING_FOR_EMERGENCIES,K03_D_SAVING_FOR_BUSINESS,K03_Q_FOR_RECEIVING_PENSION,K03_T_FOR_BUSINESS_OPERATIONS,K04_PRESENCE_OF_SAVINGS,K06_A_EARN_JUST_ENOUGH,K06_B_NO_STABLE_SOURCE_OF_INCOME,K06_C_USED_FOR_EMERGENCY,K07_LOANS,K09_A_LOAN_FOR_BUSINESS,K09_D_LOAN_FOR_MEDICAL_NEEDS,K09_E_LOAN_FOR_DAILY_NEEDS,K09_H_LOAN_FOR_PAYMENT_FOR_ANOTHER_LOAN,K10_C_HEALTH_INSURANCE,K10_G_MICROINSURANCE,K10_H_CROP_INSURANCE,K10_I_LIVESTOCK_AND_POULTRY_INSURANCE,K10_J_FISHERIES_INSURANCE,L06_WITH_MEMBER_CURRENTLY_PREGNANT,L08_WITH_MEMBER_CURRENTLY_BREASTFEEDING,L10_WITH_CHILD_DIED,L15_WITH_PWD_MEMBER,L19_WITH_CANCER_PATIENT_MEMBER,L23_WITH_RARE_DISEASE_MEMBER,L29_WITH_MEMBER_WHO_HAS_PWD_ID,L33_MEMBER_WHO_HAS_BEEN_SICK,O01_SAFE_WALKING_ALONE,O02_VICTIM_OF_CRIME,SECTION_O_LINE_NUMBER,O03_A_THEFT_VICTIM,O03_B_ROBBERY_VICTIM,O03_C_ASSAULT_VICTIM,O03_D_PSYCHO_VIOLENCE_VICTIM,O03_E_SEX_VIOLENCE_VICTIM,O03_F_FRAUD_VICTIM,O03_G_BRIBERY_VICTIM,O03_I_VEHICLE_THEFT_VICTIM,O03_J_BURGLARY_VICTIM,O03_K_VANDALISM_VICTIM,O03_Z_OTHER_CRIME_VICTIM,O04_A_THEFT_VICTIM,O04_B_ROBBERY_VICTIM,O04_C_ASSAULT_VICTIM,O04_D_PSYCHO_VIOLENCE_VICTIM,O04_E_SEX_VIOLENCE_VICTIM,O04_F_FRAUD_VICTIM,O04_G_BRIBERY_VICTIM,O04_I_VEHICLE_THEFT_VICTIM,O04_J_BURGLARY_VICTIM,O04_K_VANDALISM_VICTIM,O04_Z_OTHER_CRIME_VICTIM,O05_A_THEFT_VICTIM_FREQUENCY,O05_B_ROBBERY_VICTIM_FREQUENCY,O05_C_ASSAULT_VICTIM_FREQUENCY,O05_D_PSYCHO_VIOLENCE_VICTIM_FREQUENCY,O05_E_SEX_VIOLENCE_VICTIM_FREQUENCY,O05_F_FRAUD_VICTIM_FREQUENCY,O05_G_BRIBERY_VICTIM_FREQUENCY,O05_I_VEHICLE_THEFT_VICTIM_FREQUENCY,O05_J_BURGLARY_VICTIM_FREQUENCY,O05_K_VANDALISM_VICTIM_FREQUENCY,O05_Z_OTHER_CRIME_VICTIM_FREQUENCY,O06_A_THEFT_LOCATION_OF_CRIME,O06_B_ROBBERY_LOCATION_OF_CRIME,O06_C_ASSAULT_LOCATION_OF_CRIME,O06_D_PSYCHO_VIOLENCE_LOCATION_OF_CRIME,O06_E_SEX_VIOLENCE_LOCATION_OF_CRIME,O06_F_FRAUD_LOCATION_OF_CRIME,O06_G_BRIBERY_LOCATION_OF_CRIME,O06_I_VEHICLE_THEFT_LOCATION_OF_CRIME,O06_J_BURGLARY_LOCATION_OF_CRIME,O06_K_VANDALISM_LOCATION_OF_CRIME,O06_Z_OTHER_CRIME_LOCATION_OF_CRIME
HH000001,2,2,2,2,2,2,2,2,,1,1,2,2,2,1,1,1,2,,,,,1,2,2,2,2,2,2,2,2,2,2,2,2,1,2,,,,,,,,,,,,,,,,,,,,,,,,,,,,,,,,,,,,,,,,,,,,,
HH000002,1,2,2,2,2,2,2,2,,1,2,2,1,2,2,1,2,2,,,,,2,2,2,2,2,2,2,2,1,2,2,1,2,1,2,,,,,,,,,,,,,,,,,,,,,,,,,,,,,,,,,,,,,,,,,,,,,
HH000003,1,1,1,1,2,2,2,2,,1,2,1,2,2,2,1,2,1,2,2,1,2,2,2,2,2,2,2,2,2,1,2,2,1,1,2,2,,,,,,,,,,,,,,,,,,,,,,,,,,,,,,,,,,,,,,,,,,,,,
HH000004,2,2,2,2,2,2,2,2,,,,,,2,2,2,2,2,,,,,2,2,2,2,2,2,2,2,1,2,2,1,1,3,2,,,,,,,,,,,,,,,,,,,,,,,,,,,,,,,,,,,,,,,,,,,,,
HH000005,1,1,1,1,1,2,2,2,,,,,,2,2,1,2,2,,,,,2,2,2,2,2,2,2,2,2,2,2,2,1,1,2,,,,,,,,,,,,,,,,,,,,,,,,,,,,,,,,,,,,,,,,,,,,,
HH000006,1,1,1,2,2,2,2,2,,1,2,2,2,1,,,,2,,,,,2,2,2,2,2,2,2,2,2,2,2,2,1,3,2,,,,,,,,,,,,,,,,,,,,,,,,,,,,,,,,,,,,,,,,,,,,,
HH000007,1,1,1,1,2,2,2,2,,2,2,2,2,1,,,,1,2,2,1,2,2,2,2,2,2,2,2,2,1,2,2,1,2,1,2,,,,,,,,,,,,,,,,,,,,,,,,,,,,,,,,,,,,,,,,,,,,,
HH000008,1,1,1,1,1,2,2,2,,1,2,2,2,1,,,,1,2,2,2,2,2,2,2,2,2,2,2,2,2,2,2,2,2,5,2,,,,,,,,,,,,,,,,,,,,,,,,,,,,,,,,,,,,,,,,,,,,,
HH000009,1,2,2,2,2,2,2,2,,1,1,2,2,1,,,,1,1,2,1,2,1,2,2,2,2,2,2,2,1,2,2,1,2,2,2,,,,,,,,,,,,,,,,,,,,,,,,,,,,,,,,,,,,,,,,,,,,,
HH000010,1,1,1,1,1,1,2,2,,,,,,1,,,,1,2,2,1,1,2,2,1,2,2,2,2,2,1,2,2,1,2,1,2,,,,,,,,,,,,,,,,,,,,,,,,,,,,,,,,,,,,,,,,,,,,,
HH000011,1,1,1,1,1,1,2,2,,,,,,1,,,,2,,,,,1,2,2,2,2,2,2,2,2,2,2,2,2,1,2,,,,,,,,,,,,,,,,,,,,,,,,,,,,,,,,,,,,,,,,,,,,,
HH000012,2,2,2,2,2,2,2,2,,1,2,2,2,1,,,,2,,,,,2,2,2,2,2,2,2,2,1,2,2,1,2,2,2,,,,,,,,,,,,,,,,,,,,,,,,,,,,,,,,,,,,,,,,,,,,,
HH000013,2,2,2,2,2,2,2,2,,1,2,2,2,2,2,2,2,1,2,2,2,2,1,2,2,2,2,2,2,2,1,2,2,1,1,1,1,01,1,2,2,2,2,2,2,2,2,2,2,01,,,,,,,,,,,2,,,,,,,,,,,1,,,,,,,,,,
HH000014,1,1,2,2,2,2,2,2,,1,1,2,2,1,,,,1,2,1,1,2,1,2,2,2,2,2,2,2,2,2,2,2,2,2,2,,,,,,,,,,,,,,,,,,,,,,,,,,,,,,,,,,,,,,,,,,,,,
HH000015,2,2,2,2,2,2,2,2,,1,2,1,2,2,2,2,2,2,,,,,2,2,2,2,1,2,2,2,2,2,2,2,2,2,2,,,,,,,,,,,,,,,,,,,,,,,,,,,,,,,,,,,,,,,,,,,,,
HH000016,1,1,1,1,1,2,2,2,,1,2,2,2,2,1,2,2,2,,,,,1,2,2,2,2,2,2,2,2,2,2,2,2,2,2,,,,,,,,,,,,,,,,,,,,,,,,,,,,,,,,,,,,,,,,,,,,,
HH000017,1,1,1,1,1,1,1,2,,,,,,1,,,,2,,,,,2,2,2,2,2,2,2,2,1,2,2,2,2,1,2,,,,,,,,,,,,,,,,,,,,,,,,,,,,,,,,,,,,,,,,,,,,,
HH000018,2,2,2,2,2,2,2,2,,,,,,1,,,,2,,,,,1,2,2,2,2,2,2,2,2,2,2,2,2,2,2,,,,,,,,,,,,,,,,,,,,,,,,,,,,,,,,,,,,,,,,,,,,,
HH000019,2,2,2,2,2,2,2,2,,,,,,1,,,,2,,,,,2,2,2,2,2,2,2,2,2,2,2,2,2,2,2,,,,,,,,,,,,,,,,,,,,,,,,,,,,,,,,,,,,,,,,,,,,,
HH000020,2,2,2,2,2,2,2,2,,1,1,2,2,2,2,2,2,2,,,,,2,2,2,2,2,2,2,2,2,2,2,2,1,2,2,,,,,,,,,,,,,,,,,,,,,,,,,,,,,,,,,,,,,,,,,,,,,
HH000021,2,2,2,2,2,2,2,2,,2,2,1,2,1,,,,2,,,,,2,2,2,2,2,2,2,2,2,2,2,2,2,3,2,,,,,,,,,,,,,,,,,,,,,,,,,,,,,,,,,,,,,,,,,,,,,
HH000022,1,1,1,1,1,1,1,1,2,,,,,2,2,1,2,2,,,,,1,2,2,2,2,2,2,2,1,2,2,2,1,3,2,,,,,,,,,,,,,,,,,,,,,,,,,,,,,,,,,,,,,,,,,,,,,
HH000023,2,2,2,2,2,2,2,2,,,,,,2,1,1,2,2,,,,,1,2,2,2,2,2,1,2,2,2,2,2,1,2,2,,,,,,,,,,,,,,,,,,,,,,,,,,,,,,,,,,,,,,,,,,,,,
HH000024,1,1,1,2,2,2,2,2,,,,,,1,,,,2,,,,,1,1,2,2,2,2,2,2,1,2,2,2,1,1,2,,,,,,,,,,,,,,,,,,,,,,,,,,,,,,,,,,,,,,,,,,,,,
HH000025,2,2,2,2,2,2,2,2,,2,2,2,1,1,,,,2,,,,,2,2,2,2,2,2,2,2,1,2,2,1,2,2,1,01,2,2,2,2,2,2,2,2,2,2,1,,,,,,,,,,,01,,,,,,,,,,,1,,,,,,,,,,,2
HH000026,2,2,2,2,2,2,2,2,,2,2,2,2,2,2,1,2,1,2,1,2,2,2,2,1,2,2,2,1,2,2,2,2,2,2,1,2,,,,,,,,,,,,,,,,,,,,,,,,,,,,,,,,,,,,,,,,,,,,,
HH000027,2,2,2,2,2,2,2,2,,2,2,2,2,1,,,,1,1,2,2,2,1,1,2,2,2,2,2,2,2,2,2,2,2,1,2,,,,,,,,,,,,,,,,,,,,,,,,,,,,,,,,,,,,,,,,,,,,,
HH000028,2,2,2,2,2,2,2,2,,,,,,2,1,2,2,2,,,,,1,2,2,2,2,2,2,2,2,2,2,2,2,2,2,,,,,,,,,,,,,,,,,,,,,,,,,,,,,,,,,,,,,,,,,,,,,
HH000029,1,1,1,1,2,2,2,2,,2,2,1,1,1,,,,2,,,,,1,2,2,2,2,2,2,2,2,2,2,2,2,1,2,,,,,,,,,,,,,,,,,,,,,,,,,,,,,,,,,,,,,,,,,,,,,
HH000030,2,2,2,2,2,2,2,2,,,,,,2,2,2,2,1,1,2,2,2,2,2,2,2,2,2,2,2,2,2,2,2,2,2,2,,,,,,,,,,,,,,,,,,,,,,,,,,,,,,,,,,,,,,,,,,,,,
HH000031,1,1,1,1,1,1,2,2,,1,2,2,2,2,2,1,1,1,2,2,1,2,2,2,2,2,2,2,2,2,1,2,2,1,2,2,2,,,,,,,,,,,,,,,,,,,,,,,,,,,,,,,,,,,,,,,,,,,,,
HH000032,1,1,1,1,2,2,2,2,,1,2,2,1,1,,,,2,,,,,2,2,2,2,2,2,2,2,2,2,2,2,2,3,2,,,,,,,,,,,,,,,,,,,,,,,,,,,,,,,,,,,,,,,,,,,,,
HH000033,1,1,1,1,1,2,2,2,,1,2,2,1,1,,,,2,,,,,1,2,2,2,2,2,2,2,2,2,2,2,2,1,2,,,,,,,,,,,,,,,,,,,,,,,,,,,,,,,,,,,,,,,,,,,,,
HH000034,1,1,2,2,2,2,2,2,,,,,,2,2,2,2,2,,,,,1,2,2,2,2,2,2,2,1,2,2,2,2,2,2,,,,,,,,,,,,,,,,,,,,,,,,,,,,,,,,,,,,,,,,,,,,,
HH000035,1,2,2,2,2,2,2,2,,,,,,1,,,,2,,,,,2,2,2,2,2,2,2,2,1,2,2,1,1,1,2,,,,,,,,,,,,,,,,,,,,,,,,,,,,,,,,,,,,,,,,,,,,,
HH000036,1,1,1,1,1,2,2,2,,2,1,2,1,1,,,,2,,,,,1,2,2,2,2,2,2,2,1,2,2,1,2,2,2,,,,,,,,,,,,,,,,,,,,,,,,,,,,,,,,,,,,,,,,,,,,,
HH000037,1,1,1,1,1,1,1,2,,2,1,2,2,1,,,,2,,,,,1,2,2,2,2,2,2,2,1,2,2,1,2,1,2,,,,,,,,,,,,,,,,,,,,,,,,,,,,,,,,,,,,,,,,,,,,,
HH000038,2,2,2,2,2,2,2,2,,1,2,2,2,2,1,2,2,1,2,2,2,2,2,2,2,2,2,2,2,2,2,2,2,2,2,2,2,,,,,,,,,,,,,,,,,,,,,,,,,,,,,,,,,,,,,,,,,,,,,
HH000039,2,2,2,2,2,2,2,2,,2,2,2,1,2,2,1,2,2,,,,,2,2,2,2,2,2,2,2,1,2,2,2,2,1,2,,,,,,,,,,,,,,,,,,,,,,,,,,,,,,,,,,,,,,,,,,,,,
HH000040,1,1,1,2,2,2,2,2,,,,,,1,,,,1,2,2,2,2,2,2,2,2,2,2,2,2,2,2,2,2,2,1,1,02,1,2,2,2,2,1,2,2,2,2,2,03,,,,,03,,,,,,1,,,,,1,,,,,,1,,,,,1,,,,,
HH000041,1,1,1,1,1,1,2,2,,2,2,1,1,1,,,,2,,,,,2,2,2,2,2,2,1,2,1,2,2,2,2,1,2,,,,,,,,,,,,,,,,,,,,,,,,,,,,,,,,,,,,,,,,,,,,,
HH000042,1,1,1,1,1,2,2,2,,,,,,2,1,2,2,2,,,,,1,2,2,2,2,2,2,2,2,2,2,2,2,2,2,,,,,,,,,,,,,,,,,,,,,,,,,,,,,,,,,,,,,,,,,,,,,
HH000043,1,2,2,2,2,2,2,2,,2,2,1,1,1,,,,1,1,2,2,2,2,2,2,2,2,2,2,2,2,2,2,2,1,4,2,,,,,,,,,,,,,,,,,,,,,,,,,,,,,,,,,,,,,,,,,,,,,
HH000044,2,2,2,2,2,2,2,2,,1,2,2,1,1,,,,2,,,,,2,1,2,2,2,2,2,2,2,2,2,2,2,1,2,,,,,,,,,,,,,,,,,,,,,,,,,,,,,,,,,,,,,,,,,,,,,
HH000045,1,1,1,2,2,2,2,2,,1,1,2,2,2,2,2,2,1,2,2,1,2,1,2,2,2,2,2,2,2,2,2,2,2,1,2,2,,,,,,,,,,,,,,,,,,,,,,,,,,,,,,,,,,,,,,,,,,,,,
HH000046,1,2,2,2,2,2,2,2,,2,2,2,1,1,,,,2,,,,,1,2,2,2,2,2,2,2,2,2,2,2,2,1,2,,,,,,,,,,,,,,,,,,,,,,,,,,,,,,,,,,,,,,,,,,,,,
HH000047,1,1,1,1,1,1,1,1,1,2,2,2,2,1,,,,1,2,2,2,1,2,2,2,2,2,2,2,2,1,2,2,2,1,1,2,,,,,,,,,,,,,,,,,,,,,,,,,,,,,,,,,,,,,,,,,,,,,
HH000048,1,1,1,1,1,2,2,2,,,,,,2,1,2,1,2,,,,,1,2,2,2,2,2,2,2,1,2,2,1,1,3,2,,,,,,,,,,,,,,,,,,,,,,,,,,,,,,,,,,,,,,,,,,,,,
HH000049,2,2,2,2,2,2,2,2,,,,,,2,1,2,2,2,,,,,2,2,2,2,2,2,2,2,2,2,2,2,1,2,1,02,2,2,2,2,2,1,2,2,2,2,2,,,,,,03,,,,,,,,,,,1,,,,,,,,,,,2,,,,,
HH000050,2,2,2,2,2,2,2,2,,2,2,2,1,1,,,,2,,,,,1,2,2,2,2,2,2,2,2,2,2,2,2,3,1,03,2,2,2,2,2,1,2,2,2,2,2,,,,,,03,,,,,,,,,,,1,,,,,,,,,,,3,,,,,
HH000051,1,1,1,1,1,1,1,1,1,,,,,2,1,2,1,2,,,,,2,1,2,2,2,2,2,2,1,2,2,1,1,1,2,,,,,,,,,,,,,,,,,,,,,,,,,,,,,,,,,,,,,,,,,,,,,
HH000052,2,2,2,2,2,2,2,2,,2,2,2,2,1,,,,2,,,,,1,2,2,2,2,2,2,2,2,2,2,2,2,1,2,,,,,,,,,,,,,,,,,,,,,,,,,,,,,,,,,,,,,,,,,,,,,
HH000053,1,1,1,1,1,2,2,2,,,,,,1,,,,1,1,2,2,2,1,2,2,2,2,2,2,2,1,2,2,1,2,1,2,,,,,,,,,,,,,,,,,,,,,,,,,,,,,,,,,,,,,,,,,,,,,
HH000054,1,1,1,1,1,1,2,2,,,,,,2,1,1,2,2,,,,,2,2,2,2,2,2,2,2,1,2,2,2,2,1,2,,,,,,,,,,,,,,,,,,,,,,,,,,,,,,,,,,,,,,,,,,,,,
HH000055,1,1,1,2,2,2,2,2,,,,,,1,,,,2,,,,,1,1,2,2,2,2,1,2,1,2,2,2,2,1,2,,,,,,,,,,,,,,,,,,,,,,,,,,,,,,,,,,,,,,,,,,,,,
HH000056,1,1,1,1,1,1,1,1,1,,,,,1,,,,1,2,2,1,1,2,2,2,2,2,2,2,2,2,2,2,2,2,3,2,,,,,,,,,,,,,,,,,,,,,,,,,,,,,,,,,,,,,,,,,,,,,
HH000057,2,2,2,2,2,2,2,2,,2,2,2,2,2,1,1,2,2,,,,,1,1,2,2,2,2,1,2,2,2,2,2,1,3,2,,,,,,,,,,,,,,,,,,,,,,,,,,,,,,,,,,,,,,,,,,,,,
HH000058,1,1,1,2,2,2,2,2,,1,2,2,1,1,,,,2,,,,,1,2,2,2,2,2,2,1,2,2,2,2,1,2,2,,,,,,,,,,,,,,,,,,,,,,,,,,,,,,,,,,,,,,,,,,,,,
HH000059,2,2,2,2,2,2,2,2,,1,2,2,2,1,,,,2,,,,,1,2,2,2,2,2,1,1,2,2,2,2,1,1,1,02,2,2,2,2,2,2,2,1,2,2,2,,,,,,,,02,,,,,,,,,,,1,,,,,,,,,,,1,,,
HH000060,1,2,2,2,2,2,2,2,,1,2,2,2,1,,,,1,1,2,2,2,1,2,2,2,2,2,2,2,2,2,2,2,2,1,2,,,,,,,,,,,,,,,,,,,,,,,,,,,,,,,,,,,,,,,,,,,,,
HH000061,1,1,1,1,1,2,2,2,,2,2,2,2,2,1,2,2,1,2,2,1,1,2,2,2,2,2,2,2,2,2,2,2,2,2,1,2,,,,,,,,,,,,,,,,,,,,,,,,,,,,,,,,,,,,,,,,,,,,,
HH000062,2,2,2,2,2,2,2,2,,,,,,2,1,1,2,2,,,,,1,1,2,2,2,2,1,2,1,2,2,2,2,1,2,,,,,,,,,,,,,,,,,,,,,,,,,,,,,,,,,,,,,,,,,,,,,
HH000063,2,2,2,2,2,2,2,2,,,,,,2,1,2,1,2,,,,,1,2,2,2,2,2,2,2,2,2,2,2,2,5,2,,,,,,,,,,,,,,,,,,,,,,,,,,,,,,,,,,,,,,,,,,,,,
HH000064,2,2,2,2,2,2,2,2,,1,2,1,2,1,,,,2,,,,,1,2,2,2,2,2,2,2,2,2,2,2,2,1,2,,,,,,,,,,,,,,,,,,,,,,,,,,,,,,,,,,,,,,,,,,,,,
HH000065,1,2,2,2,2,2,2,2,,,,,,1,,,,2,,,,,2,2,2,2,2,2,2,2,2,2,2,2,2,1,2,,,,,,,,,,,,,,,,,,,,,,,,,,,,,,,,,,,,,,,,,,,,,
HH000066,1,1,1,2,2,2,2,2,,,,,,2,2,1,1,1,2,1,1,2,2,1,2,2,2,2,2,2,1,2,2,1,1,1,2,,,,,,,,,,,,,,,,,,,,,,,,,,,,,,,,,,,,,,,,,,,,,
HH000067,1,1,2,2,2,2,2,2,,2,2,2,1,2,2,2,2,2,,,,,2,2,2,2,2,2,2,2,1,2,2,1,2,1,2,,,,,,,,,,,,,,,,,,,,,,,,,,,,,,,,,,,,,,,,,,,,,
HH000068,2,2,2,2,2,2,2,2,,,,,,1,,,,1,2,1,2,2,2,2,2,2,2,2,2,2,1,2,2,2,1,1,2,,,,,,,,,,,,,,,,,,,,,,,,,,,,,,,,,,,,,,,,,,,,,
HH000069,1,2,2,2,2,2,2,2,,2,2,2,1,2,2,2,1,1,2,2,2,2,1,1,2,2,2,2,2,2,2,2,2,2,1,2,2,,,,,,,,,,,,,,,,,,,,,,,,,,,,,,,,,,,,,,,,,,,,,
HH000070,1,1,1,1,1,1,2,2,,1,2,1,2,2,1,1,2,1,1,2,2,1,2,2,2,2,2,2,2,2,1,2,2,1,1,3,2,,,,,,,,,,,,,,,,,,,,,,,,,,,,,,,,,,,,,,,,,,,,,
HH000071,2,2,2,2,2,2,2,2,,2,2,2,1,2,1,2,2,1,2,2,2,2,2,2,1,2,2,2,2,2,2,2,2,2,2,3,2,,,,,,,,,,,,,,,,,,,,,,,,,,,,,,,,,,,,,,,,,,,,,
HH000072,2,2,2,2,2,2,2,2,,1,2,2,2,1,,,,2,,,,,1,2,2,2,2,2,2,2,2,2,2,2,2,2,2,,,,,,,,,,,,,,,,,,,,,,,,,,,,,,,,,,,,,,,,,,,,,
HH000073,1,1,2,2,2,2,2,2,,2,2,2,1,1,,,,2,,,,,1,2,2,1,2,2,2,2,2,2,2,2,2,1,2,,,,,,,,,,,,,,,,,,,,,,,,,,,,,,,,,,,,,,,,,,,,,
HH000074,2,2,2,2,2,2,2,2,,1,2,2,2,1,,,,2,,,,,2,2,2,2,2,2,2,2,1,2,2,1,2,4,1,02,2,2,2,2,2,2,2,2,1,2,2,,,,,,,,,02,,,,,,,,,,,1,,,,,,,,,,,1,,
HH000075,1,1,1,2,2,2,2,2,,,,,,1,,,,2,,,,,2,2,2,2,2,2,2,2,1,2,2,2,2,1,1,03,2,2,2,2,2,2,2,2,1,2,2,,,,,,,,,03,,,,,,,,,,,1,,,,,,,,,,,1,,
HH000076,1,1,1,1,1,1,1,1,1,,,,,1,,,,1,2,2,1,2,1,2,2,2,2,2,2,2,2,2,2,2,1,2,2,,,,,,,,,,,,,,,,,,,,,,,,,,,,,,,,,,,,,,,,,,,,,
HH000077,1,1,1,1,1,1,1,1,2,,,,,1,,,,2,,,,,2,2,2,2,2,2,2,2,2,2,2,2,2,2,2,,,,,,,,,,,,,,,,,,,,,,,,,,,,,,,,,,,,,,,,,,,,,
HH000078,2,2,2,2,2,2,2,2,,,,,,2,1,2,2,1,1,2,2,2,2,2,2,2,2,2,2,2,2,2,2,2,2,1,2,,,,,,,,,,,,,,,,,,,,,,,,,,,,,,,,,,,,,,,,,,,,,
HH000079,1,1,1,1,1,2,2,2,,2,2,2,1,2,1,2,1,2,,,,,1,2,2,2,2,2,2,2,1,2,2,1,2,4,2,,,,,,,,,,,,,,,,,,,,,,,,,,,,,,,,,,,,,,,,,,,,,
HH000080,1,1,1,1,1,2,2,2,,2,2,2,1,2,2,2,2,2,,,,,1,1,2,2,2,2,2,2,2,2,2,2,2,3,2,,,,,,,,,,,,,,,,,,,,,,,,,,,,,,,,,,,,,,,,,,,,,
HH000081,1,2,2,2,2,2,2,2,,,,,,1,,,,1,2,1,2,2,1,1,2,2,2,2,2,2,2,2,2,2,2,4,2,,,,,,,,,,,,,,,,,,,,,,,,,,,,,,,,,,,,,,,,,,,,,
HH000082,1,1,1,1,1,1,2,2,,2,2,2,2,1,,,,2,,,,,2,2,2,2,2,2,2,2,1,2,2,1,1,1,2,,,,,,,,,,,,,,,,,,,,,,,,,,,,,,,,,,,,,,,,,,,,,
HH000083,1,1,1,2,2,2,2,2,,1,2,1,1,2,1,2,2,2,,,,,1,2,2,2,2,2,2,2,2,2,2,2,1,2,2,,,,,,,,,,,,,,,,,,,,,,,,,,,,,,,,,,,,,,,,,,,,,
HH000084,2,2,2,2,2,2,2,2,,1,2,2,2,1,,,,2,,,,,1,1,2,2,2,2,2,2,2,2,2,2,2,2,2,,,,,,,,,,,,,,,,,,,,,,,,,,,,,,,,,,,,,,,,,,,,,
HH000085,2,2,2,2,2,2,2,2,,,,,,2,2,1,2,1,1,2,2,2,2,2,2,2,2,2,2,2,2,2,2,2,2,5,2,,,,,,,,,,,,,,,,,,,,,,,,,,,,,,,,,,,,,,,,,,,,,
HH000086,1,1,1,2,2,2,2,2,,1,1,2,2,1,,,,2,,,,,1,1,2,2,2,2,2,2,2,2,2,2,2,2,2,,,,,,,,,,,,,,,,,,,,,,,,,,,,,,,,,,,,,,,,,,,,,
HH000087,2,2,2,2,2,2,2,2,,1,2,2,2,1,,,,2,,,,,1,1,2,2,2,2,2,2,2,2,2,2,2,3,2,,,,,,,,,,,,,,,,,,,,,,,,,,,,,,,,,,,,,,,,,,,,,
HH000088,2,2,2,2,2,2,2,2,,,,,,1,,,,1,2,2,2,2,1,2,2,2,2,2,1,2,2,2,2,2,2,4,2,,,,,,,,,,,,,,,,,,,,,,,,,,,,,,,,,,,,,,,,,,,,,
HH000089,1,1,1,2,2,2,2,2,,1,2,2,2,1,,,,1,2,2,2,2,1,2,1,2,2,2,2,2,2,2,2,2,2,5,2,,,,,,,,,,,,,,,,,,,,,,,,,,,,,,,,,,,,,,,,,,,,,
HH000090,2,2,2,2,2,2,2,2,,,,,,2,1,2,2,2,,,,,2,2,2,2,2,2,2,2,2,2,2,2,2,2,2,,,,,,,,,,,,,,,,,,,,,,,,,,,,,,,,,,,,,,,,,,,,,
HH000091,1,1,2,2,2,2,2,2,,,,,,2,2,2,2,1,2,2,2,2,1,2,2,2,2,2,2,2,2,2,2,2,2,4,2,,,,,,,,,,,,,,,,,,,,,,,,,,,,,,,,,,,,,,,,,,,,,
HH000092,1,1,1,2,2,2,2,2,,1,2,2,1,2,2,2,1,1,2,1,2,2,2,2,2,2,2,2,2,2,2,2,2,2,2,1,2,,,,,,,,,,,,,,,,,,,,,,,,,,,,,,,,,,,,,,,,,,,,,
HH000093,1,2,2,2,2,2,2,2,,2,1,2,2,2,1,1,2,2,,,,,1,2,2,2,2,2,2,2,2,2,2,2,2,1,2,,,,,,,,,,,,,,,,,,,,,,,,,,,,,,,,,,,,,,,,,,,,,
HH000094,1,2,2,2,2,2,2,2,,2,2,2,2,1,,,,1,2,2,1,2,1,2,2,2,2,2,2,2,2,2,2,2,2,2,2,,,,,,,,,,,,,,,,,,,,,,,,,,,,,,,,,,,,,,,,,,,,,
HH000095,1,1,1,1,1,2,2,2,,,,,,1,,,,2,,,,,2,2,2,2,2,2,2,2,2,2,2,2,1,5,2,,,,,,,,,,,,,,,,,,,,,,,,,,,,,,,,,,,,,,,,,,,,,
HH000096,2,2,2,2,2,2,2,2,,1,2,2,2,2,1,2,2,1,1,2,2,2,1,2,2,2,2,2,2,2,2,2,2,2,2,2,2,,,,,,,,,,,,,,,,,,,,,,,,,,,,,,,,,,,,,,,,,,,,,
HH000097,1,1,1,1,1,2,2,2,,,,,,2,1,1,2,1,2,2,1,2,2,2,1,2,2,2,2,2,1,2,2,1,2,5,2,,,,,,,,,,,,,,,,,,,,,,,,,,,,,,,,,,,,,,,,,,,,,
HH000098,1,1,1,1,1,2,2,2,,1,2,2,2,2,2,2,1,2,,,,,1,2,2,2,2,2,2,2,1,2,2,2,1,1,2,,,,,,,,,,,,,,,,,,,,,,,,,,,,,,,,,,,,,,,,,,,,,
HH000099,2,2,2,2,2,2,2,2,,1,2,2,2,1,,,,1,2,2,2,2,2,2,2,2,2,2,2,2,2,2,2,2,2,2,2,,,,,,,,,,,,,,,,,,,,,,,,,,,,,,,,,,,,,,,,,,,,,
HH000100,1,1,2,2,2,2,2,2,,1,2,2,2,2,1,1,1,1,2,1,2,2,1,2,2,2,2,2,2,2,2,2,2,2,1,1,2,,,,,,,,,,,,,,,,,,,,,,,,,,,,,,,,,,,,,,,,,,,,,
HH000101,1,1,1,1,1,1,1,2,,,,,,1,,,,2,,,,,2,2,2,2,2,2,2,2,2,2,2,2,2,2,2,,,,,,,,,,,,,,,,,,,,,,,,,,,,,,,,,,,,,,,,,,,,,
HH000102,2,2,2,2,2,2,2,2,,1,2,2,1,1,,,,2,,,,,2,2,2,2,2,2,2,2,2,2,1,2,2,4,2,,,,,,,,,,,,,,,,,,,,,,,,,,,,,,,,,,,,,,,,,,,,,
HH000103,1,1,1,2,2,2,2,2,,,,,,2,2,2,2,1,2,2,2,2,1,2,2,2,2,2,2,2,2,2,2,2,2,2,1,02,1,2,2,2,2,2,2,2,2,2,2,02,,,,,,,,,,,1,,,,,,,,,,,1,,,,,,,,,,
HH000104,2,2,2,2,2,2,2,2,,1,1,2,2,1,,,,2,,,,,2,2,2,2,2,2,2,2,2,2,2,2,2,3,2,,,,,,,,,,,,,,,,,,,,,,,,,,,,,,,,,,,,,,,,,,,,,
HH000105,1,1,1,1,1,1,2,2,,1,2,2,2,2,1,1,2,1,2,2,2,2,2,2,2,2,2,1,2,2,2,2,2,2,2,2,2,,,,,,,,,,,,,,,,,,,,,,,,,,,,,,,,,,,,,,,,,,,,,
HH000106,2,2,2,2,2,2,2,2,,,,,,1,,,,1,2,2,1,2,1,2,2,2,2,2,2,2,2,2,2,2,2,2,2,,,,,,,,,,,,,,,,,,,,,,,,,,,,,,,,,,,,,,,,,,,,,
HH000107,1,1,1,2,2,2,2,2,,1,2,2,1,2,1,2,2,2,,,,,2,2,2,2,2,2,2,2,1,2,2,2,2,1,2,,,,,,,,,,,,,,,,,,,,,,,,,,,,,,,,,,,,,,,,,,,,,
HH000108,1,1,1,2,2,2,2,2,,1,1,2,1,1,,,,1,1,2,2,2,2,2,2,2,2,2,2,2,1,2,2,1,2,2,2,,,,,,,,,,,,,,,,,,,,,,,,,,,,,,,,,,,,,,,,,,,,,
HH000109,1,2,2,2,2,2,2,2,,,,,,2,2,1,2,2,,,,,2,2,2,2,2,2,2,2,2,2,2,2,2,2,2,,,,,,,,,,,,,,,,,,,,,,,,,,,,,,,,,,,,,,,,,,,,,
HH000110,1,1,1,1,1,1,2,2,,2,2,2,2,2,2,2,2,2,,,,,2,2,2,2,2,2,2,2,1,2,2,1,2,1,2,,,,,,,,,,,,,,,,,,,,,,,,,,,,,,,,,,,,,,,,,,,,,
HH000111,1,1,1,1,1,1,1,2,,,,,,2,1,1,2,2,,,,,1,2,2,2,2,2,2,2,1,2,2,1,2,2,2,,,,,,,,,,,,,,,,,,,,,,,,,,,,,,,,,,,,,,,,,,,,,
HH000112,1,1,2,2,2,2,2,2,,,,,,1,,,,1,2,2,2,2,2,2,2,2,2,2,2,2,1,2,2,2,2,2,2,,,,,,,,,,,,,,,,,,,,,,,,,,,,,,,,,,,,,,,,,,,,,
HH000113,1,1,1,2,2,2,2,2,,,,,,1,,,,1,2,2,2,1,2,2,2,2,2,2,2,2,1,2,2,2,1,2,2,,,,,,,,,,,,,,,,,,,,,,,,,,,,,,,,,,,,,,,,,,,,,
HH000114,2,2,2,2,2,2,2,2,,1,1,2,2,2,1,2,1,2,,,,,2,2,1,2,2,2,2,2,2,2,2,2,2,1,2,,,,,,,,,,,,,,,,,,,,,,,,,,,,,,,,,,,,,,,,,,,,,
HH000115,1,1,1,1,1,1,1,2,,,,,,2,2,1,1,1,1,2,1,2,2,2,2,2,2,2,2,2,1,2,2,2,1,2,2,,,,,,,,,,,,,,,,,,,,,,,,,,,,,,,,,,,,,,,,,,,,,
HH000116,2,2,2,2,2,2,2,2,,2,2,2,1,1,,,,1,2,2,2,2,1,2,1,2,2,2,1,2,2,2,2,2,2,1,2,,,,,,,,,,,,,,,,,,,,,,,,,,,,,,,,,,,,,,,,,,,,,
HH000117,2,2,2,2,2,2,2,2,,2,2,2,1,1,,,,1,2,2,2,2,2,2,2,2,2,1,2,2,2,2,2,2,1,2,2,,,,,,,,,,,,,,,,,,,,,,,,,,,,,,,,,,,,,,,,,,,,,
HH000118,1,1,1,2,2,2,2,2,,1,2,2,2,1,,,,2,,,,,1,2,2,2,2,2,2,2,2,2,2,2,1,1,2,,,,,,,,,,,,,,,,,,,,,,,,,,,,,,,,,,,,,,,,,,,,,
HH000119,1,2,2,2,2,2,2,2,,1,1,2,2,2,1,2,2,1,1,2,2,2,2,2,2,2,2,2,2,2,2,2,2,2,2,1,2,,,,,,,,,,,,,,,,,,,,,,,,,,,,,,,,,,,,,,,,,,,,,
HH000120,1,1,2,2,2,2,2,2,,,,,,2,2,2,2,1,2,1,2,2,2,2,2,2,2,2,2,2,2,2,2,2,1,2,2,,,,,,,,,,,,,,,,,,,,,,,,,,,,,,,,,,,,,,,,,,,,,
HH000121,1,1,2,2,2,2,2,2,,,,,,2,2,2,2,2,,,,,2,2,2,2,2,2,2,2,1,2,2,2,2,2,2,,,,,,,,,,,,,,,,,,,,,,,,,,,,,,,,,,,,,,,,,,,,,
HH000122,1,2,2,2,2,2,2,2,,1,1,1,1,2,2,2,1,2,,,,,2,2,2,2,2,2,2,2,1,2,2,2,2,2,2,,,,,,,,,,,,,,,,,,,,,,,,,,,,,,,,,,,,,,,,,,,,,
HH000123,2,2,2,2,2,2,2,2,,,,,,2,1,2,2,1,2,2,2,2,2,2,2,2,2,2,2,2,2,2,2,2,2,1,2,,,,,,,,,,,,,,,,,,,,,,,,,,,,,,,,,,,,,,,,,,,,,
HH000124,1,2,2,2,2,2,2,2,,2,1,1,2,2,2,2,2,2,,,,,2,2,2,2,2,2,1,2,2,2,2,2,1,1,2,,,,,,,,,,,,,,,,,,,,,,,,,,,,,,,,,,,,,,,,,,,,,
HH000125,1,1,1,2,2,2,2,2,,1,2,2,2,1,,,,1,1,2,1,2,1,2,2,2,2,2,2,2,2,2,2,2,2,2,2,,,,,,,,,,,,,,,,,,,,,,,,,,,,,,,,,,,,,,,,,,,,,
HH000126,1,1,1,1,2,2,2,2,,,,,,1,,,,1,2,2,2,2,2,2,2,2,2,2,2,2,1,2,2,1,2,8,2,,,,,,,,,,,,,,,,,,,,,,,,,,,,,,,,,,,,,,,,,,,,,
HH000127,2,2,2,2,2,2,2,2,,,,,,1,,,,2,,,,,2,2,2,2,2,2,2,2,2,2,2,2,2,1,2,,,,,,,,,,,,,,,,,,,,,,,,,,,,,,,,,,,,,,,,,,,,,
HH000128,1,1,1,2,2,2,2,2,,1,2,2,2,1,,,,2,,,,,2,2,2,2,2,2,2,2,2,2,2,2,1,1,2,,,,,,,,,,,,,,,,,,,,,,,,,,,,,,,,,,,,,,,,,,,,,
HH000129,1,1,1,2,2,2,2,2,,1,2,2,2,1,,,,2,,,,,1,2,2,2,2,2,2,2,2,2,2,2,1,2,2,,,,,,,,,,,,,,,,,,,,,,,,,,,,,,,,,,,,,,,,,,,,,
HH000130,1,1,1,1,1,1,2,2,,,,,,2,2,1,2,2,,,,,2,2,2,2,2,2,2,2,1,1,2,1,2,3,2,,,,,,,,,,,,,,,,,,,,,,,,,,,,,,,,,,,,,,,,,,,,,
HH000131,2,2,2,2,2,2,2,2,,1,2,2,2,1,,,,2,,,,,1,2,2,2,1,2,2,2,1,2,2,1,2,3,2,,,,,,,,,,,,,,,,,,,,,,,,,,,,,,,,,,,,,,,,,,,,,
HH000132,2,2,2,2,2,2,2,2,,2,2,2,2,1,,,,1,2,2,2,2,1,1,2,1,2,2,2,2,2,2,2,2,1,1,2,,,,,,,,,,,,,,,,,,,,,,,,,,,,,,,,,,,,,,,,,,,,,
HH000133,1,1,1,1,1,1,2,2,,1,2,2,2,2,2,2,2,1,2,1,1,2,2,2,2,2,2,2,2,2,2,2,2,2,2,1,2,,,,,,,,,,,,,,,,,,,,,,,,,,,,,,,,,,,,,,,,,,,,,
HH000134,2,2,2,2,2,2,2,2,,,,,,1,,,,1,1,2,2,2,1,2,2,2,2,1,2,2,2,2,2,2,1,8,2,,,,,,,,,,,,,,,,,,,,,,,,,,,,,,,,,,,,,,,,,,,,,
HH000135,1,1,1,1,1,2,2,2,,1,2,2,1,2,1,2,1,2,,,,,2,2,2,2,2,2,2,2,2,2,2,2,2,2,2,,,,,,,,,,,,,,,,,,,,,,,,,,,,,,,,,,,,,,,,,,,,,
HH000136,1,1,1,1,1,1,2,2,,,,,,2,1,1,2,1,1,2,2,2,1,2,2,2,2,2,2,2,2,2,2,2,2,1,2,,,,,,,,,,,,,,,,,,,,,,,,,,,,,,,,,,,,,,,,,,,,,
HH000137,1,2,2,2,2,2,2,2,,2,1,2,2,1,,,,2,,,,,1,2,2,2,2,2,2,2,2,2,2,2,2,1,2,,,,,,,,,,,,,,,,,,,,,,,,,,,,,,,,,,,,,,,,,,,,,
HH000138,2,2,2,2,2,2,2,2,,,,,,2,2,2,1,2,,,,,2,2,2,2,1,2,2,2,2,2,2,2,2,2,2,,,,,,,,,,,,,,,,,,,,,,,,,,,,,,,,,,,,,,,,,,,,,
HH000139,1,1,1,1,1,1,2,2,,2,1,2,2,1,,,,1,2,2,1,2,2,2,2,2,2,2,2,2,2,2,2,2,2,1,2,,,,,,,,,,,,,,,,,,,,,,,,,,,,,,,,,,,,,,,,,,,,,
HH000140,2,2,2,2,2,2,2,2,,2,2,2,2,1,,,,2,,,,,2,2,2,2,2,2,2,2,2,2,2,2,1,1,2,,,,,,,,,,,,,,,,,,,,,,,,,,,,,,,,,,,,,,,,,,,,,
HH000141,2,2,2,2,2,2,2,2,,,,,,1,,,,1,1,2,2,2,2,1,2,2,2,2,2,2,2,2,2,2,2,4,1,03,1,2,2,2,2,2,2,2,2,2,2,03,,,,,,,,,,,1,,,,,,,,,,,1,,,,,,,,,,
HH000142,1,1,2,2,2,2,2,2,,,,,,2,1,2,2,1,2,2,2,1,1,1,1,2,2,2,2,2,2,2,2,2,2,8,2,,,,,,,,,,,,,,,,,,,,,,,,,,,,,,,,,,,,,,,,,,,,,
HH000143,2,2,2,2,2,2,2,2,,1,2,2,2,2,2,2,1,1,2,2,2,2,2,2,2,2,2,2,2,2,2,2,2,2,2,1,2,,,,,,,,,,,,,,,,,,,,,,,,,,,,,,,,,,,,,,,,,,,,,
HH000144,2,2,2,2,2,2,2,2,,1,1,2,1,2,1,1,2,1,2,2,2,2,2,2,2,2,2,2,2,2,2,2,2,2,1,4,2,,,,,,,,,,,,,,,,,,,,,,,,,,,,,,,,,,,,,,,,,,,,,
HH000145,2,2,2,2,2,2,2,2,,,,,,2,1,1,2,2,,,,,1,2,2,2,2,1,2,2,2,2,2,2,1,2,2,,,,,,,,,,,,,,,,,,,,,,,,,,,,,,,,,,,,,,,,,,,,,
HH000146,1,1,1,1,1,1,2,2,,,,,,2,1,2,1,2,,,,,1,1,2,2,2,2,2,2,1,2,2,1,1,1,2,,,,,,,,,,,,,,,,,,,,,,,,,,,,,,,,,,,,,,,,,,,,,
HH000147,1,1,1,1,2,2,2,2,,2,2,2,2,1,,,,2,,,,,2,2,2,2,2,2,2,2,2,2,2,2,2,2,2,,,,,,,,,,,,,,,,,,,,,,,,,,,,,,,,,,,,,,,,,,,,,
HH000148,2,2,2,2,2,2,2,2,,1,1,2,2,2,2,2,2,2,,,,,1,2,2,2,2,2,2,2,1,2,2,2,2,1,2,,,,,,,,,,,,,,,,,,,,,,,,,,,,,,,,,,,,,,,,,,,,,
HH000149,1,1,1,1,1,1,2,2,,2,2,2,1,2,2,2,1,1,2,1,1,1,2,2,2,2,2,1,2,2,2,2,2,2,2,3,2,,,,,,,,,,,,,,,,,,,,,,,,,,,,,,,,,,,,,,,,,,,,,
HH000150,1,1,1,2,2,2,2,2,,2,2,2,2,1,,,,2,,,,,1,2,2,2,2,2,2,2,1,2,2,1,2,2,2,,,,,,,,,,,,,,,,,,,,,,,,,,,,,,,,,,,,,,,,,,,,,
HH000151,2,2,2,2,2,2,2,2,,1,1,2,1,1,,,,2,,,,,1,2,2,2,2,2,2,2,2,2,2,2,2,4,2,,,,,,,,,,,,,,,,,,,,,,,,,,,,,,,,,,,,,,,,,,,,,
HH000152,1,1,2,2,2,2,2,2,,,,,,2,1,2,1,2,,,,,1,2,2,2,2,2,2,2,2,2,2,2,2,1,2,,,,,,,,,,,,,,,,,,,,,,,,,,,,,,,,,,,,,,,,,,,,,
HH000153,2,2,2,2,2,2,2,2,,1,1,2,2,2,2,1,2,2,,,,,1,2,2,2,2,2,2,2,2,2,2,2,2,4,2,,,,,,,,,,,,,,,,,,,,,,,,,,,,,,,,,,,,,,,,,,,,,
HH000154,1,1,1,1,1,1,2,2,,,,,,1,,,,1,2,2,1,2,2,2,2,2,2,2,2,2,1,2,2,1,2,1,2,,,,,,,,,,,,,,,,,,,,,,,,,,,,,,,,,,,,,,,,,,,,,
HH000155,2,2,2,2,2,2,2,2,,1,2,2,1,1,,,,2,,,,,1,2,2,2,2,2,2,2,2,2,2,2,1,2,2,,,,,,,,,,,,,,,,,,,,,,,,,,,,,,,,,,,,,,,,,,,,,
HH000156,1,1,1,1,2,2,2,2,,2,2,1,2,1,,,,2,,,,,2,2,2,2,2,2,2,2,2,2,2,2,1,2,2,,,,,,,,,,,,,,,,,,,,,,,,,,,,,,,,,,,,,,,,,,,,,
HH000157,1,1,2,2,2,2,2,2,,1,2,2,2,1,,,,2,,,,,2,2,2,2,2,2,2,2,2,2,2,2,2,2,2,,,,,,,,,,,,,,,,,,,,,,,,,,,,,,,,,,,,,,,,,,,,,
HH000158,2,2,2,2,2,2,2,2,,,,,,2,2,2,2,1,2,2,2,2,1,2,2,2,2,2,2,2,2,2,2,2,2,1,2,,,,,,,,,,,,,,,,,,,,,,,,,,,,,,,,,,,,,,,,,,,,,
HH000159,1,1,2,2,2,2,2,2,,2,2,2,1,2,1,2,2,2,,,,,2,2,2,2,2,2,2,2,2,2,2,2,2,1,2,,,,,,,,,,,,,,,,,,,,,,,,,,,,,,,,,,,,,,,,,,,,,
HH000160,1,1,1,1,1,2,2,2,,2,2,2,2,1,,,,2,,,,,2,2,2,2,2,2,2,2,2,2,2,2,1,2,2,,,,,,,,,,,,,,,,,,,,,,,,,,,,,,,,,,,,,,,,,,,,,
HH000161,2,2,2,2,2,2,2,2,,,,,,1,,,,2,,,,,2,1,2,2,2,2,2,2,1,2,2,1,2,2,2,,,,,,,,,,,,,,,,,,,,,,,,,,,,,,,,,,,,,,,,,,,,,
HH000162,1,1,1,1,1,2,2,2,,,,,,1,,,,2,,,,,1,2,2,2,2,2,2,2,1,2,2,1,2,2,2,,,,,,,,,,,,,,,,,,,,,,,,,,,,,,,,,,,,,,,,,,,,,
HH000163,1,1,1,1,2,2,2,2,,1,1,2,2,1,,,,2,,,,,2,2,2,2,2,2,1,2,1,2,2,1,2,2,2,,,,,,,,,,,,,,,,,,,,,,,,,,,,,,,,,,,,,,,,,,,,,
HH000164,2,2,2,2,2,2,2,2,,,,,,2,2,2,2,2,,,,,1,2,2,2,2,2,2,2,2,2,2,2,1,3,2,,,,,,,,,,,,,,,,,,,,,,,,,,,,,,,,,,,,,,,,,,,,,
HH000165,2,2,2,2,2,2,2,2,,,,,,2,1,1,2,1,2,2,1,2,1,2,2,2,2,2,2,2,2,2,2,2,1,1,2,,,,,,,,,,,,,,,,,,,,,,,,,,,,,,,,,,,,,,,,,,,,,
HH000166,1,1,1,2,2,2,2,2,,1,1,2,1,2,1,1,2,1,1,2,2,2,2,2,2,2,2,2,2,2,1,2,2,1,1,1,2,,,,,,,,,,,,,,,,,,,,,,,,,,,,,,,,,,,,,,,,,,,,,
HH000167,1,2,2,2,2,2,2,2,,1,2,2,2,2,1,1,2,1,2,2,1,2,2,2,2,2,2,2,2,2,2,2,2,2,2,2,2,,,,,,,,,,,,,,,,,,,,,,,,,,,,,,,,,,,,,,,,,,,,,
HH000168,1,1,1,2,2,2,2,2,,,,,,2,2,1,1,1,2,2,2,2,2,2,2,2,2,2,2,2,2,2,2,2,2,3,2,,,,,,,,,,,,,,,,,,,,,,,,,,,,,,,,,,,,,,,,,,,,,
HH000169,1,1,1,1,1,1,2,2,,,,,,2,1,2,2,2,,,,,1,2,2,2,2,2,2,2,1,2,2,2,2,3,2,,,,,,,,,,,,,,,,,,,,,,,,,,,,,,,,,,,,,,,,,,,,,
HH000170,2,2,2,2,2,2,2,2,,1,2,2,2,1,,,,2,,,,,2,2,2,2,2,2,2,2,1,2,2,1,1,1,2,,,,,,,,,,,,,,,,,,,,,,,,,,,,,,,,,,,,,,,,,,,,,
HH000171,1,2,2,2,2,2,2,2,,1,1,2,2,1,,,,2,,,,,1,2,2,2,2,2,2,2,2,2,2,2,2,2,2,,,,,,,,,,,,,,,,,,,,,,,,,,,,,,,,,,,,,,,,,,,,,
HH000172,2,2,2,2,2,2,2,2,,1,2,2,1,1,,,,1,2,2,2,2,2,2,2,2,2,2,2,2,1,2,2,2,2,2,1,01,2,1,2,2,2,2,2,2,2,2,2,,01,,,,,,,,,,,1,,,,,,,,,,,1,,,,,,,,,
HH000173,2,2,2,2,2,2,2,2,,,,,,1,,,,2,,,,,2,2,2,2,2,2,2,2,2,2,2,2,2,2,2,,,,,,,,,,,,,,,,,,,,,,,,,,,,,,,,,,,,,,,,,,,,,
HH000174,2,2,2,2,2,2,2,2,,1,2,2,1,2,1,1,2,2,,,,,2,2,2,2,2,2,2,2,2,2,2,2,2,2,2,,,,,,,,,,,,,,,,,,,,,,,,,,,,,,,,,,,,,,,,,,,,,
HH000175,1,1,1,1,2,2,2,2,,2,2,2,1,1,,,,2,,,,,1,2,2,2,2,2,2,2,2,2,2,2,2,1,2,,,,,,,,,,,,,,,,,,,,,,,,,,,,,,,,,,,,,,,,,,,,,
HH000176,1,1,1,1,1,1,2,2,,,,,,2,2,2,2,2,,,,,2,2,2,2,2,2,2,2,1,2,2,1,2,2,2,,,,,,,,,,,,,,,,,,,,,,,,,,,,,,,,,,,,,,,,,,,,,
HH000177,1,1,1,1,1,2,2,2,,,,,,1,,,,2,,,,,1,1,2,2,2,2,2,2,1,2,2,1,2,1,1,04,1,2,2,2,2,2,2,2,2,2,2,04,,,,,,,,,,,3,,,,,,,,,,,1,,,,,,,,,,
HH000178,2,2,2,2,2,2,2,2,,,,,,1,,,,1,2,2,2,2,1,2,2,2,2,2,2,2,2,2,2,2,1,1,2,,,,,,,,,,,,,,,,,,,,,,,,,,,,,,,,,,,,,,,,,,,,,
HH000179,1,1,1,1,1,1,2,2,,,,,,2,1,2,2,2,,,,,1,2,2,2,2,2,2,2,1,2,2,1,2,2,2,,,,,,,,,,,,,,,,,,,,,,,,,,,,,,,,,,,,,,,,,,,,,
HH000180,1,1,1,1,1,1,1,2,,,,,,2,1,1,2,1,1,2,2,2,2,2,2,2,2,2,1,1,1,2,2,1,2,2,2,,,,,,,,,,,,,,,,,,,,,,,,,,,,,,,,,,,,,,,,,,,,,
HH000181,1,1,1,1,1,2,2,2,,,,,,1,,,,2,,,,,2,1,2,2,2,2,2,2,1,2,2,2,2,4,2,,,,,,,,,,,,,,,,,,,,,,,,,,,,,,,,,,,,,,,,,,,,,
HH000182,2,2,2,2,2,2,2,2,,1,2,2,1,1,,,,1,2,2,1,2,1,2,2,2,2,2,2,2,2,2,2,2,2,3,2,,,,,,,,,,,,,,,,,,,,,,,,,,,,,,,,,,,,,,,,,,,,,
HH000183,1,1,1,1,1,2,2,2,,2,1,2,2,1,,,,2,,,,,1,2,2,1,2,2,2,2,2,2,2,2,2,2,2,,,,,,,,,,,,,,,,,,,,,,,,,,,,,,,,,,,,,,,,,,,,,
HH000184,1,1,1,1,1,2,2,2,,1,2,2,2,1,,,,2,,,,,1,2,2,1,2,2,2,2,2,2,2,2,2,3,2,,,,,,,,,,,,,,,,,,,,,,,,,,,,,,,,,,,,,,,,,,,,,
HH000185,2,2,2,2,2,2,2,2,,2,2,2,2,2,2,2,2,2,,,,,2,2,2,2,2,2,2,2,2,2,2,2,2,1,2,,,,,,,,,,,,,,,,,,,,,,,,,,,,,,,,,,,,,,,,,,,,,
HH000186,1,1,1,1,1,1,2,2,,,,,,2,1,1,2,2,,,,,2,2,2,2,2,1,2,2,2,2,2,2,1,4,2,,,,,,,,,,,,,,,,,,,,,,,,,,,,,,,,,,,,,,,,,,,,,
HH000187,1,1,1,1,2,2,2,2,,,,,,1,,,,1,1,2,1,2,1,2,2,2,2,1,2,2,1,2,2,2,2,3,2,,,,,,,,,,,,,,,,,,,,,,,,,,,,,,,,,,,,,,,,,,,,,
HH000188,2,2,2,2,2,2,2,2,,1,2,2,2,2,2,1,2,1,2,2,2,2,2,2,2,2,2,2,2,2,2,2,2,2,2,4,2,,,,,,,,,,,,,,,,,,,,,,,,,,,,,,,,,,,,,,,,,,,,,
HH000189,1,1,1,1,1,2,2,2,,,,,,2,2,2,2,1,2,1,2,2,1,1,2,2,1,2,2,2,2,2,2,2,2,4,2,,,,,,,,,,,,,,,,,,,,,,,,,,,,,,,,,,,,,,,,,,,,,
HH000190,1,1,1,2,2,2,2,2,,1,2,2,2,2,2,1,2,2,,,,,2,2,2,2,2,2,2,2,1,2,2,1,1,1,2,,,,,,,,,,,,,,,,,,,,,,,,,,,,,,,,,,,,,,,,,,,,,
HH000191,1,1,1,1,1,2,2,2,,2,1,2,2,1,,,,2,,,,,1,1,2,2,2,2,2,2,1,2,2,2,2,2,2,,,,,,,,,,,,,,,,,,,,,,,,,,,,,,,,,,,,,,,,,,,,,
HH000192,1,1,1,1,1,1,1,1,1,1,2,2,2,1,,,,2,,,,,2,2,2,2,2,2,2,2,2,2,2,2,2,2,2,,,,,,,,,,,,,,,,,,,,,,,,,,,,,,,,,,,,,,,,,,,,,
HH000193,1,1,1,1,2,2,2,2,,2,2,1,1,2,2,2,2,2,,,,,1,2,2,1,2,2,2,2,1,2,2,1,2,4,2,,,,,,,,,,,,,,,,,,,,,,,,,,,,,,,,,,,,,,,,,,,,,
HH000194,1,1,1,1,2,2,2,2,,1,2,2,2,1,,,,2,,,,,2,2,2,2,2,2,2,2,2,2,2,2,2,2,2,,,,,,,,,,,,,,,,,,,,,,,,,,,,,,,,,,,,,,,,,,,,,
HH000195,2,2,2,2,2,2,2,2,,2,2,2,2,1,,,,1,2,2,1,2,1,2,2,2,2,2,2,2,1,2,2,2,2,2,2,,,,,,,,,,,,,,,,,,,,,,,,,,,,,,,,,,,,,,,,,,,,,
HH000196,2,2,2,2,2,2,2,2,,1,1,2,1,2,1,2,2,2,,,,,1,2,2,2,2,2,2,2,2,2,2,2,2,2,2,,,,,,,,,,,,,,,,,,,,,,,,,,,,,,,,,,,,,,,,,,,,,
HH000197,1,1,1,1,2,2,2,2,,2,2,2,2,1,,,,2,,,,,2,2,2,2,2,2,2,2,2,2,2,2,2,1,2,,,,,,,,,,,,,,,,,,,,,,,,,,,,,,,,,,,,,,,,,,,,,
HH000198,1,1,1,1,2,2,2,2,,,,,,2,1,2,2,2,,,,,2,2,2,2,2,2,2,2,2,2,2,2,2,1,2,,,,,,,,,,,,,,,,,,,,,,,,,,,,,,,,,,,,,,,,,,,,,
HH000199,1,1,1,2,2,2,2,2,,,,,,2,2,2,2,1,2,2,2,2,1,2,2,2,2,2,2,2,2,2,2,2,2,4,2,,,,,,,,,,,,,,,,,,,,,,,,,,,,,,,,,,,,,,,,,,,,,
HH000200,1,2,2,2,2,2,2,2,,,,,,1,,,,1,2,2,2,2,2,2,2,2,2,2,2,2,2,2,2,2,2,2,2,,,,,,,,,,,,,,,,,,,,,,,,,,,,,,,,,,,,,,,,,,,,,
HH000201,1,1,1,1,1,1,1,2,,,,,,2,1,2,2,1,2,2,1,2,2,2,2,2,2,2,2,2,1,2,2,2,2,1,2,,,,,,,,,,,,,,,,,,,,,,,,,,,,,,,,,,,,,,,,,,,,,
HH000202,1,1,2,2,2,2,2,2,,,,,,2,2,2,2,1,1,1,2,2,2,2,2,2,2,2,2,1,2,2,2,2,2,2,2,,,,,,,,,,,,,,,,,,,,,,,,,,,,,,,,,,,,,,,,,,,,,
HH000203,1,1,1,1,1,1,1,2,,2,2,2,1,1,,,,1,2,2,2,2,1,2,2,2,2,2,2,2,1,2,2,1,2,1,2,,,,,,,,,,,,,,,,,,,,,,,,,,,,,,,,,,,,,,,,,,,,,
HH000204,2,2,2,2,2,2,2,2,,2,2,2,2,1,,,,2,,,,,2,2,2,2,2,2,2,2,1,2,2,1,2,2,1,02,1,2,2,2,2,2,2,2,2,2,2,02,,,,,,,,,,,1,,,,,,,,,,,3,,,,,,,,,,
HH000205,1,1,1,2,2,2,2,2,,2,2,2,2,1,,,,2,,,,,2,2,2,2,2,2,2,2,2,2,2,2,2,2,2,,,,,,,,,,,,,,,,,,,,,,,,,,,,,,,,,,,,,,,,,,,,,
HH000206,1,1,2,2,2,2,2,2,,,,,,2,2,2,2,2,,,,,2,2,2,2,2,2,2,2,2,2,2,2,2,1,2,,,,,,,,,,,,,,,,,,,,,,,,,,,,,,,,,,,,,,,,,,,,,
HH000207,1,2,2,2,2,2,2,2,,1,2,2,2,2,2,1,2,1,2,2,1,2,1,2,2,2,2,2,2,2,2,2,2,2,2,2,2,,,,,,,,,,,,,,,,,,,,,,,,,,,,,,,,,,,,,,,,,,,,,
HH000208,2,2,2,2,2,2,2,2,,1,1,2,1,1,,,,2,,,,,1,2,2,2,2,2,2,2,2,2,2,2,2,3,1,02,2,2,1,2,2,1,2,2,2,2,2,,,02,,,02,,,,,,,,1,,,1,,,,,,,,1,,,2,,,,,
HH000209,2,2,2,2,2,2,2,2,,1,1,2,2,2,1,1,2,2,,,,,2,2,2,2,2,2,2,2,2,2,2,2,2,1,2,,,,,,,,,,,,,,,,,,,,,,,,,,,,,,,,,,,,,,,,,,,,,
HH000210,2,2,2,2,2,2,2,2,,2,1,2,1,1,,,,2,,,,,1,1,2,2,2,2,2,2,2,2,2,2,2,1,2,,,,,,,,,,,,,,,,,,,,,,,,,,,,,,,,,,,,,,,,,,,,,
HH000211,1,1,1,2,2,2,2,2,,,,,,1,,,,1,2,1,2,2,2,2,2,2,2,2,2,2,2,2,2,2,2,1,2,,,,,,,,,,,,,,,,,,,,,,,,,,,,,,,,,,,,,,,,,,,,,
HH000212,1,1,1,1,1,1,1,2,,2,2,2,2,1,,,,2,,,,,2,2,2,2,2,2,2,2,2,2,2,2,2,1,2,,,,,,,,,,,,,,,,,,,,,,,,,,,,,,,,,,,,,,,,,,,,,
HH000213,1,1,1,2,2,2,2,2,,1,2,2,2,2,2,2,2,1,2,1,2,2,2,2,2,2,2,2,2,2,2,2,2,2,1,3,2,,,,,,,,,,,,,,,,,,,,,,,,,,,,,,,,,,,,,,,,,,,,,
HH000214,1,1,2,2,2,2,2,2,,1,2,2,2,1,,,,1,1,2,2,2,1,2,2,2,2,2,2,2,1,2,2,2,2,1,2,,,,,,,,,,,,,,,,,,,,,,,,,,,,,,,,,,,,,,,,,,,,,
HH000215,1,1,1,2,2,2,2,2,,1,2,2,2,2,1,2,2,2,,,,,1,2,2,2,2,2,2,2,1,2,2,2,2,1,2,,,,,,,,,,,,,,,,,,,,,,,,,,,,,,,,,,,,,,,,,,,,,
HH000216,1,1,2,2,2,2,2,2,,1,2,2,2,2,2,2,2,2,,,,,1,1,2,2,2,2,2,2,2,2,2,2,2,2,2,,,,,,,,,,,,,,,,,,,,,,,,,,,,,,,,,,,,,,,,,,,,,
HH000217,2,2,2,2,2,2,2,2,,1,2,2,2,1,,,,2,,,,,1,2,2,2,2,1,2,2,1,2,2,1,1,1,2,,,,,,,,,,,,,,,,,,,,,,,,,,,,,,,,,,,,,,,,,,,,,
HH000218,1,1,1,2,2,2,2,2,,2,2,2,2,2,1,1,2,2,,,,,1,2,2,2,2,2,2,2,2,2,2,2,2,2,2,,,,,,,,,,,,,,,,,,,,,,,,,,,,,,,,,,,,,,,,,,,,,
HH000219,1,1,1,2,2,2,2,2,,1,2,2,2,1,,,,2,,,,,2,2,2,2,2,2,2,2,2,2,2,2,1,1,2,,,,,,,,,,,,,,,,,,,,,,,,,,,,,,,,,,,,,,,,,,,,,
HH000220,1,1,1,1,2,2,2,2,,2,2,2,2,2,2,2,2,2,,,,,2,2,2,2,2,2,2,2,2,2,2,2,2,2,2,,,,,,,,,,,,,,,,,,,,,,,,,,,,,,,,,,,,,,,,,,,,,
HH000221,1,1,1,1,1,1,2,2,,1,2,2,2,2,1,1,2,2,,,,,1,2,2,2,2,2,2,2,1,2,2,1,1,1,2,,,,,,,,,,,,,,,,,,,,,,,,,,,,,,,,,,,,,,,,,,,,,
HH000222,2,2,2,2,2,2,2,2,,1,2,2,1,2,2,2,2,2,,,,,2,2,2,1,2,2,2,2,2,2,2,2,2,2,2,,,,,,,,,,,,,,,,,,,,,,,,,,,,,,,,,,,,,,,,,,,,,
HH000223,2,2,2,2,2,2,2,2,,2,2,2,1,1,,,,1,2,2,2,2,2,2,2,2,2,2,2,2,2,2,2,2,2,1,1,01,2,2,2,2,2,2,2,2,1,2,2,,,,,,,,,01,,,,,,,,,,,1,,,,,,,,,,,1,,
HH000224,2,2,2,2,2,2,2,2,,1,2,2,2,1,,,,1,2,2,2,2,1,2,2,2,2,2,2,2,2,2,2,2,2,1,2,,,,,,,,,,,,,,,,,,,,,,,,,,,,,,,,,,,,,,,,,,,,,
HH000225,2,2,2,2,2,2,2,2,,2,1,2,2,1,,,,2,,,,,2,2,2,2,2,2,2,2,1,2,2,1,2,1,1,02,2,2,1,2,2,2,2,2,2,2,2,,,02,,,,,,,,,,,2,,,,,,,,,,,2,,,,,,,,
HH000226,1,1,1,1,1,2,2,2,,1,1,2,2,2,2,2,1,2,,,,,2,2,2,2,1,2,2,2,2,2,2,2,2,1,2,,,,,,,,,,,,,,,,,,,,,,,,,,,,,,,,,,,,,,,,,,,,,
HH000227,1,1,1,1,1,2,2,2,,,,,,2,1,1,2,2,,,,,1,2,2,2,2,2,2,2,2,2,2,2,2,3,2,,,,,,,,,,,,,,,,,,,,,,,,,,,,,,,,,,,,,,,,,,,,,
HH000228,2,2,2,2,2,2,2,2,,1,1,2,2,1,,,,2,,,,,2,2,2,2,2,2,2,2,2,2,2,2,2,2,2,,,,,,,,,,,,,,,,,,,,,,,,,,,,,,,,,,,,,,,,,,,,,
HH000229,1,2,2,2,2,2,2,2,,1,2,2,2,1,,,,1,2,2,1,2,1,2,2,2,2,2,2,2,2,2,2,2,2,3,2,,,,,,,,,,,,,,,,,,,,,,,,,,,,,,,,,,,,,,,,,,,,,
HH000230,1,1,1,2,2,2,2,2,,1,2,2,2,1,,,,1,1,2,2,2,2,2,2,2,2,2,2,2,1,2,2,1,1,2,2,,,,,,,,,,,,,,,,,,,,,,,,,,,,,,,,,,,,,,,,,,,,,
HH000231,1,1,2,2,2,2,2,2,,1,2,2,2,1,,,,2,,,,,2,2,2,2,2,2,2,2,2,2,2,2,2,2,2,,,,,,,,,,,,,,,,,,,,,,,,,,,,,,,,,,,,,,,,,,,,,
HH000232,1,1,1,1,2,2,2,2,,,,,,1,,,,2,,,,,1,2,2,2,2,2,2,2,2,2,2,2,2,1,2,,,,,,,,,,,,,,,,,,,,,,,,,,,,,,,,,,,,,,,,,,,,,
HH000233,2,2,2,2,2,2,2,2,,1,2,2,1,2,1,2,2,2,,,,,2,2,2,2,2,2,2,2,1,2,2,2,2,3,1,05,1,2,2,2,2,2,2,2,2,2,2,01,,,,,,,,,,,1,,,,,,,,,,,1,,,,,,,,,,
HH000234,2,2,2,2,2,2,2,2,,1,1,2,1,2,1,2,1,2,,,,,2,2,2,2,2,2,2,2,1,2,2,1,2,5,2,,,,,,,,,,,,,,,,,,,,,,,,,,,,,,,,,,,,,,,,,,,,,
HH000235,1,1,2,2,2,2,2,2,,2,2,2,2,1,,,,1,2,2,1,2,2,2,2,2,2,2,2,2,2,2,2,2,2,1,2,,,,,,,,,,,,,,,,,,,,,,,,,,,,,,,,,,,,,,,,,,,,,
HH000236,2,2,2,2,2,2,2,2,,,,,,1,,,,1,2,2,2,2,1,1,2,2,2,2,2,2,2,2,2,2,2,1,2,,,,,,,,,,,,,,,,,,,,,,,,,,,,,,,,,,,,,,,,,,,,,
HH000237,2,2,2,2,2,2,2,2,,1,1,2,2,1,,,,1,2,2,2,2,2,2,2,2,2,2,2,2,2,2,2,2,1,2,2,,,,,,,,,,,,,,,,,,,,,,,,,,,,,,,,,,,,,,,,,,,,,
HH000238,1,2,2,2,2,2,2,2,,1,2,2,1,1,,,,1,2,2,2,2,2,2,2,2,2,2,2,2,2,2,2,2,2,2,2,,,,,,,,,,,,,,,,,,,,,,,,,,,,,,,,,,,,,,,,,,,,,
HH000239,2,2,2,2,2,2,2,2,,,,,,1,,,,2,,,,,2,1,2,2,2,2,2,2,2,2,2,2,2,1,2,,,,,,,,,,,,,,,,,,,,,,,,,,,,,,,,,,,,,,,,,,,,,
HH000240,2,2,2,2,2,2,2,2,,2,2,2,2,2,1,1,2,2,,,,,1,2,2,2,2,2,2,2,1,2,2,1,1,2,2,,,,,,,,,,,,,,,,,,,,,,,,,,,,,,,,,,,,,,,,,,,,,
HH000241,2,2,2,2,2,2,2,2,,,,,,1,,,,2,,,,,2,2,2,2,2,2,2,2,2,2,2,2,2,2,2,,,,,,,,,,,,,,,,,,,,,,,,,,,,,,,,,,,,,,,,,,,,,
HH000242,1,2,2,2,2,2,2,2,,2,2,2,2,1,,,,2,,,,,2,2,2,2,2,2,2,2,2,2,2,2,2,2,2,,,,,,,,,,,,,,,,,,,,,,,,,,,,,,,,,,,,,,,,,,,,,
HH000243,1,1,1,2,2,2,2,2,,2,2,2,1,1,,,,2,,,,,2,2,2,2,1,2,2,2,1,2,2,1,2,4,1,02,1,2,2,2,2,2,2,2,2,2,2,02,,,,,,,,,,,2,,,,,,,,,,,1,,,,,,,,,,
HH000244,1,1,2,2,2,2,2,2,,2,2,2,2,1,,,,2,,,,,1,2,2,2,2,2,2,2,2,2,2,2,1,1,2,,,,,,,,,,,,,,,,,,,,,,,,,,,,,,,,,,,,,,,,,,,,,
HH000245,1,1,2,2,2,2,2,2,,,,,,2,1,2,2,2,,,,,2,2,2,2,2,2,2,2,1,2,2,2,2,2,2,,,,,,,,,,,,,,,,,,,,,,,,,,,,,,,,,,,,,,,,,,,,,
HH000246,2,2,2,2,2,2,2,2,,,,,,1,,,,2,,,,,2,1,2,1,2,2,2,1,1,2,2,1,2,1,2,,,,,,,,,,,,,,,,,,,,,,,,,,,,,,,,,,,,,,,,,,,,,
HH000247,1,1,1,1,2,2,2,2,,2,2,1,2,1,,,,2,,,,,1,2,2,2,2,2,2,2,1,2,2,2,2,1,2,,,,,,,,,,,,,,,,,,,,,,,,,,,,,,,,,,,,,,,,,,,,,
HH000248,2,2,2,2,2,2,2,2,,,,,,1,,,,2,,,,,1,2,2,2,1,2,2,2,2,2,2,2,2,2,2,,,,,,,,,,,,,,,,,,,,,,,,,,,,,,,,,,,,,,,,,,,,,
HH000249,2,2,2,2,2,2,2,2,,1,2,2,2,1,,,,2,,,,,2,2,2,2,2,2,2,1,2,2,2,2,2,3,2,,,,,,,,,,,,,,,,,,,,,,,,,,,,,,,,,,,,,,,,,,,,,
HH000250,1,1,1,2,2,2,2,2,,,,,,2,2,2,2,1,2,2,2,2,2,1,2,2,2,2,2,2,2,2,2,2,1,2,2,,,,,,,,,,,,,,,,,,,,,,,,,,,,,,,,,,,,,,,,,,,,,
HH000251,2,2,2,2,2,2,2,2,,1,1,2,2,2,2,1,2,2,,,,,2,2,2,2,2,2,2,2,2,2,2,2,2,1,2,,,,,,,,,,,,,,,,,,,,,,,,,,,,,,,,,,,,,,,,,,,,,
HH000252,2,2,2,2,2,2,2,2,,2,1,2,1,1,,,,1,2,2,2,2,2,2,2,2,2,2,2,2,1,2,2,2,1,4,2,,,,,,,,,,,,,,,,,,,,,,,,,,,,,,,,,,,,,,,,,,,,,
HH000253,1,2,2,2,2,2,2,2,,2,2,2,1,2,1,2,2,2,,,,,2,2,2,2,2,2,2,2,2,2,2,2,2,2,2,,,,,,,,,,,,,,,,,,,,,,,,,,,,,,,,,,,,,,,,,,,,,
HH000254,1,1,1,1,1,1,2,2,,,,,,2,1,1,1,1,1,2,1,2,1,2,2,2,2,2,2,2,2,2,2,2,2,2,2,,,,,,,,,,,,,,,,,,,,,,,,,,,,,,,,,,,,,,,,,,,,,
HH000255,2,2,2,2,2,2,2,2,,,,,,1,,,,1,2,1,2,2,2,2,2,2,2,2,2,2,2,2,2,2,2,2,2,,,,,,,,,,,,,,,,,,,,,,,,,,,,,,,,,,,,,,,,,,,,,
HH000256,1,1,1,1,1,2,2,2,,,,,,2,2,2,2,2,,,,,2,1,2,2,2,2,2,2,2,2,2,2,1,1,2,,,,,,,,,,,,,,,,,,,,,,,,,,,,,,,,,,,,,,,,,,,,,
HH000257,2,2,2,2,2,2,2,2,,2,2,2,1,2,1,2,2,2,,,,,2,2,2,2,2,2,2,2,2,2,2,2,2,2,2,,,,,,,,,,,,,,,,,,,,,,,,,,,,,,,,,,,,,,,,,,,,,
HH000258,1,1,1,1,1,2,2,2,,1,2,2,2,1,,,,2,,,,,1,2,2,2,2,2,2,2,2,2,2,2,1,3,2,,,,,,,,,,,,,,,,,,,,,,,,,,,,,,,,,,,,,,,,,,,,,
HH000259,1,1,1,1,2,2,2,2,,2,2,2,1,2,2,2,2,2,,,,,1,2,2,2,2,2,2,2,2,2,2,2,1,2,2,,,,,,,,,,,,,,,,,,,,,,,,,,,,,,,,,,,,,,,,,,,,,
HH000260,1,1,2,2,2,2,2,2,,,,,,1,,,,2,,,,,1,1,2,2,2,2,2,2,2,2,2,2,2,1,2,,,,,,,,,,,,,,,,,,,,,,,,,,,,,,,,,,,,,,,,,,,,,
HH000261,1,2,2,2,2,2,2,2,,1,2,2,2,2,1,2,2,1,2,2,1,2,1,2,2,2,2,2,2,2,2,2,2,2,2,1,2,,,,,,,,,,,,,,,,,,,,,,,,,,,,,,,,,,,,,,,,,,,,,
HH000262,1,1,1,2,2,2,2,2,,,,,,1,,,,1,2,2,2,2,2,2,2,2,2,2,2,2,2,2,2,2,2,1,2,,,,,,,,,,,,,,,,,,,,,,,,,,,,,,,,,,,,,,,,,,,,,
HH000263,2,2,2,2,2,2,2,2,,,,,,2,1,1,2,2,,,,,2,2,2,1,2,2,2,2,2,2,2,2,2,1,2,,,,,,,,,,,,,,,,,,,,,,,,,,,,,,,,,,,,,,,,,,,,,
HH000264,2,2,2,2,2,2,2,2,,,,,,1,,,,2,,,,,1,2,2,2,2,2,2,2,2,2,2,2,2,2,2,,,,,,,,,,,,,,,,,,,,,,,,,,,,,,,,,,,,,,,,,,,,,
HH000265,2,2,2,2,2,2,2,2,,1,1,2,1,1,,,,2,,,,,2,2,1,2,2,2,2,2,2,2,2,2,2,1,2,,,,,,,,,,,,,,,,,,,,,,,,,,,,,,,,,,,,,,,,,,,,,
HH000266,1,1,1,2,2,2,2,2,,,,,,2,2,2,2,2,,,,,2,2,2,2,2,2,2,2,1,2,2,1,2,2,1,07,2,2,2,2,2,2,2,2,1,2,2,,,,,,,,,07,,,,,,,,,,,1,,,,,,,,,,,2,,
HH000267,1,2,2,2,2,2,2,2,,2,1,2,2,2,2,1,2,2,,,,,2,2,2,2,2,2,1,2,2,2,2,2,2,2,2,,,,,,,,,,,,,,,,,,,,,,,,,,,,,,,,,,,,,,,,,,,,,
HH000268,2,2,2,2,2,2,2,2,,,,,,1,,,,2,,,,,2,1,2,2,2,2,2,2,1,2,2,1,2,2,2,,,,,,,,,,,,,,,,,,,,,,,,,,,,,,,,,,,,,,,,,,,,,
HH000269,1,1,1,1,1,1,1,2,,,,,,2,1,2,2,1,2,2,2,2,2,1,2,2,2,2,2,2,1,2,2,2,2,1,2,,,,,,,,,,,,,,,,,,,,,,,,,,,,,,,,,,,,,,,,,,,,,
HH000270,1,1,2,2,2,2,2,2,,2,2,2,2,1,,,,2,,,,,1,2,2,2,2,2,2,2,2,2,2,2,2,3,2,,,,,,,,,,,,,,,,,,,,,,,,,,,,,,,,,,,,,,,,,,,,,
HH000271,2,2,2,2,2,2,2,2,,,,,,2,2,2,1,1,2,2,2,2,1,2,2,2,2,2,2,2,2,2,2,2,2,2,2,,,,,,,,,,,,,,,,,,,,,,,,,,,,,,,,,,,,,,,,,,,,,
HH000272,2,2,2,2,2,2,2,2,,,,,,2,2,1,2,2,,,,,2,2,2,2,2,2,2,2,2,2,2,2,1,1,2,,,,,,,,,,,,,,,,,,,,,,,,,,,,,,,,,,,,,,,,,,,,,
HH000273,1,2,2,2,2,2,2,2,,,,,,2,1,1,2,2,,,,,2,2,2,2,2,2,2,2,1,2,2,2,1,2,2,,,,,,,,,,,,,,,,,,,,,,,,,,,,,,,,,,,,,,,,,,,,,
HH000274,2,2,2,2,2,2,2,2,,1,2,2,2,1,,,,2,,,,,1,2,2,2,2,1,2,2,2,2,2,2,2,1,2,,,,,,,,,,,,,,,,,,,,,,,,,,,,,,,,,,,,,,,,,,,,,
HH000275,1,2,2,2,2,2,2,2,,1,1,2,2,1,,,,2,,,,,2,2,2,2,2,2,2,2,2,2,2,2,2,3,2,,,,,,,,,,,,,,,,,,,,,,,,,,,,,,,,,,,,,,,,,,,,,
HH000276,1,1,1,2,2,2,2,2,,2,2,2,2,1,,,,2,,,,,2,2,2,1,2,2,2,2,2,2,2,2,1,1,2,,,,,,,,,,,,,,,,,,,,,,,,,,,,,,,,,,,,,,,,,,,,,
HH000277,2,2,2,2,2,2,2,2,,,,,,2,1,2,2,2,,,,,1,2,2,2,2,2,2,2,2,2,2,2,2,3,2,,,,,,,,,,,,,,,,,,,,,,,,,,,,,,,,,,,,,,,,,,,,,
HH000278,1,1,1,1,1,1,2,2,,1,2,2,1,1,,,,2,,,,,1,2,2,2,2,2,2,2,2,2,2,2,2,2,2,,,,,,,,,,,,,,,,,,,,,,,,,,,,,,,,,,,,,,,,,,,,,
HH000279,1,1,1,1,1,2,2,2,,2,2,1,2,2,1,2,1,1,2,1,2,2,1,2,2,2,2,2,2,2,1,2,2,1,1,1,2,,,,,,,,,,,,,,,,,,,,,,,,,,,,,,,,,,,,,,,,,,,,,
HH000280,1,1,1,1,1,2,2,2,,2,2,2,2,1,,,,2,,,,,1,1,2,2,2,2,2,2,2,2,2,2,2,4,2,,,,,,,,,,,,,,,,,,,,,,,,,,,,,,,,,,,,,,,,,,,,,
HH000281,2,2,2,2,2,2,2,2,,,,,,2,2,2,2,2,,,,,1,2,2,2,2,2,2,2,2,2,2,2,2,1,2,,,,,,,,,,,,,,,,,,,,,,,,,,,,,,,,,,,,,,,,,,,,,
HH000282,2,2,2,2,2,2,2,2,,2,2,2,2,1,,,,2,,,,,2,2,2,2,2,2,2,2,2,2,2,2,2,1,2,,,,,,,,,,,,,,,,,,,,,,,,,,,,,,,,,,,,,,,,,,,,,
HH000283,2,2,2,2,2,2,2,2,,1,2,2,2,1,,,,1,1,1,2,2,1,2,2,2,2,2,1,2,2,2,2,2,2,2,2,,,,,,,,,,,,,,,,,,,,,,,,,,,,,,,,,,,,,,,,,,,,,
HH000284,1,1,2,2,2,2,2,2,,2,2,2,1,1,,,,1,2,2,2,2,1,1,2,2,2,2,2,2,2,2,2,2,2,1,2,,,,,,,,,,,,,,,,,,,,,,,,,,,,,,,,,,,,,,,,,,,,,
HH000285,2,2,2,2,2,2,2,2,,1,2,2,2,1,,,,1,2,2,2,2,1,2,2,2,2,2,2,2,2,2,2,2,2,1,2,,,,,,,,,,,,,,,,,,,,,,,,,,,,,,,,,,,,,,,,,,,,,
HH000286,1,1,1,2,2,2,2,2,,1,2,2,2,2,1,2,2,1,2,2,1,2,2,2,2,2,2,2,2,2,2,2,2,2,2,1,1,03,1,2,2,2,2,2,2,2,2,2,2,03,,,,,,,,,,,1,,,,,,,,,,,1,,,,,,,,,,
HH000287,1,2,2,2,2,2,2,2,,1,2,2,2,1,,,,2,,,,,2,2,2,2,2,2,2,2,2,2,2,2,2,2,2,,,,,,,,,,,,,,,,,,,,,,,,,,,,,,,,,,,,,,,,,,,,,
HH000288,1,1,2,2,2,2,2,2,,2,1,2,2,1,,,,2,,,,,1,2,2,2,2,2,2,2,2,2,2,2,2,1,2,,,,,,,,,,,,,,,,,,,,,,,,,,,,,,,,,,,,,,,,,,,,,
HH000289,1,1,1,1,1,1,1,2,,1,2,2,1,2,1,2,2,1,1,2,1,2,2,2,2,2,2,2,2,2,2,2,2,2,2,1,2,,,,,,,,,,,,,,,,,,,,,,,,,,,,,,,,,,,,,,,,,,,,,
HH000290,1,1,2,2,2,2,2,2,,1,2,2,2,1,,,,2,,,,,2,2,2,2,2,2,2,2,2,2,2,2,2,2,2,,,,,,,,,,,,,,,,,,,,,,,,,,,,,,,,,,,,,,,,,,,,,
HH000291,1,2,2,2,2,2,2,2,,,,,,1,,,,2,,,,,1,2,2,2,2,2,2,2,2,2,2,2,2,2,2,,,,,,,,,,,,,,,,,,,,,,,,,,,,,,,,,,,,,,,,,,,,,
HH000292,2,2,2,2,2,2,2,2,,1,2,2,1,2,1,2,2,2,,,,,2,2,2,2,2,2,2,2,2,2,2,2,2,2,2,,,,,,,,,,,,,,,,,,,,,,,,,,,,,,,,,,,,,,,,,,,,,
HH000293,2,2,2,2,2,2,2,2,,,,,,1,,,,2,,,,,2,2,2,2,1,2,2,2,2,2,2,2,2,3,2,,,,,,,,,,,,,,,,,,,,,,,,,,,,,,,,,,,,,,,,,,,,,
HH000294,1,2,2,2,2,2,2,2,,2,2,2,2,2,2,2,2,2,,,,,1,2,2,2,2,2,2,2,2,2,2,2,2,2,2,,,,,,,,,,,,,,,,,,,,,,,,,,,,,,,,,,,,,,,,,,,,,
HH000295,1,1,1,1,2,2,2,2,,,,,,1,,,,2,,,,,2,2,2,2,2,2,2,2,1,2,2,1,2,1,2,,,,,,,,,,,,,,,,,,,,,,,,,,,,,,,,,,,,,,,,,,,,,
HH000296,2,2,2,2,2,2,2,2,,,,,,2,2,2,2,2,,,,,2,2,2,1,2,2,2,2,2,2,2,2,2,2,2,,,,,,,,,,,,,,,,,,,,,,,,,,,,,,,,,,,,,,,,,,,,,
HH000297,2,2,2,2,2,2,2,2,,,,,,2,1,2,2,2,,,,,2,2,2,2,2,2,2,2,2,2,2,2,2,2,2,,,,,,,,,,,,,,,,,,,,,,,,,,,,,,,,,,,,,,,,,,,,,
HH000298,2,2,2,2,2,2,2,2,,1,2,2,2,1,,,,1,2,1,2,2,2,2,2,2,2,2,2,2,2,2,2,2,2,1,2,,,,,,,,,,,,,,,,,,,,,,,,,,,,,,,,,,,,,,,,,,,,,
HH000299,1,1,1,1,2,2,2,2,,1,2,2,2,1,,,,2,,,,,2,2,2,1,2,2,2,2,2,2,2,2,1,2,1,01,2,2,2,2,2,2,2,2,1,2,2,,,,,,,,,01,,,,,,,,,,,1,,,,,,,,,,,1,,
HH000300,2,2,2,2,2,2,2,2,,,,,,2,2,2,2,1,2,2,1,2,2,2,2,2,1,2,2,2,2,2,2,2,1,3,1,07,2,1,2,2,2,2,2,2,2,2,2,,01,,,,,,,,,,,3,,,,,,,,,,,1,,,,,,,,,
HH000301,1,2,2,2,2,2,2,2,,,,,,2,2,1,1,2,,,,,1,2,2,2,2,2,2,2,1,2,2,2,1,2,2,,,,,,,,,,,,,,,,,,,,,,,,,,,,,,,,,,,,,,,,,,,,,
HH000302,2,2,2,2,2,2,2,2,,,,,,1,,,,1,2,2,2,2,1,2,2,2,2,2,2,2,2,2,2,2,2,1,2,,,,,,,,,,,,,,,,,,,,,,,,,,,,,,,,,,,,,,,,,,,,,
HH000303,1,1,2,2,2,2,2,2,,1,2,2,2,1,,,,2,,,,,1,2,2,2,2,2,2,2,2,2,2,2,1,2,2,,,,,,,,,,,,,,,,,,,,,,,,,,,,,,,,,,,,,,,,,,,,,
HH000304,1,1,1,1,1,2,2,2,,1,1,1,1,2,2,1,2,1,2,2,1,2,2,2,2,2,2,2,2,2,1,2,2,2,2,1,2,,,,,,,,,,,,,,,,,,,,,,,,,,,,,,,,,,,,,,,,,,,,,
HH000305,1,1,1,1,1,1,2,2,,2,2,2,2,2,1,1,2,2,,,,,2,2,2,2,2,2,2,2,1,2,2,2,2,1,2,,,,,,,,,,,,,,,,,,,,,,,,,,,,,,,,,,,,,,,,,,,,,
HH000306,1,2,2,2,2,2,2,2,,,,,,1,,,,2,,,,,1,2,2,2,2,2,2,2,2,2,2,2,1,1,2,,,,,,,,,,,,,,,,,,,,,,,,,,,,,,,,,,,,,,,,,,,,,
HH000307,2,2,2,2,2,2,2,2,,2,2,2,1,1,,,,2,,,,,2,2,2,2,2,2,2,2,2,2,2,2,2,2,1,04,2,2,1,2,2,2,2,2,2,2,2,,,04,,,,,,,,,,,1,,,,,,,,,,,2,,,,,,,,
HH000308,1,1,1,2,2,2,2,2,,2,2,2,2,1,,,,1,2,2,2,2,1,2,1,2,2,2,2,2,1,2,2,2,2,2,2,,,,,,,,,,,,,,,,,,,,,,,,,,,,,,,,,,,,,,,,,,,,,
HH000309,1,2,2,2,2,2,2,2,,2,2,1,2,2,2,2,2,2,,,,,1,2,2,2,2,1,2,2,2,2,2,2,2,2,2,,,,,,,,,,,,,,,,,,,,,,,,,,,,,,,,,,,,,,,,,,,,,
HH000310,2,2,2,2,2,2,2,2,,1,2,2,2,1,,,,2,,,,,1,2,2,2,2,2,1,2,2,2,2,2,2,1,2,,,,,,,,,,,,,,,,,,,,,,,,,,,,,,,,,,,,,,,,,,,,,
HH000311,2,2,2,2,2,2,2,2,,1,2,1,2,1,,,,2,,,,,2,2,2,2,2,2,2,2,2,2,2,2,2,2,2,,,,,,,,,,,,,,,,,,,,,,,,,,,,,,,,,,,,,,,,,,,,,
HH000312,2,2,2,2,2,2,2,2,,2,2,2,2,1,,,,2,,,,,2,2,2,2,2,2,2,2,2,2,2,2,1,2,2,,,,,,,,,,,,,,,,,,,,,,,,,,,,,,,,,,,,,,,,,,,,,
HH000313,1,2,2,2,2,2,2,2,,1,2,2,2,2,2,2,2,2,,,,,2,1,2,2,2,2,2,2,1,2,2,1,2,2,2,,,,,,,,,,,,,,,,,,,,,,,,,,,,,,,,,,,,,,,,,,,,,
HH000314,2,2,2,2,2,2,2,2,,2,2,2,2,1,,,,2,,,,,2,2,2,2,2,2,2,2,2,2,2,2,2,2,2,,,,,,,,,,,,,,,,,,,,,,,,,,,,,,,,,,,,,,,,,,,,,
HH000315,1,1,1,1,1,2,2,2,,,,,,1,,,,1,2,2,2,2,2,2,2,2,2,2,1,2,2,2,2,2,2,2,2,,,,,,,,,,,,,,,,,,,,,,,,,,,,,,,,,,,,,,,,,,,,,
HH000316,2,2,2,2,2,2,2,2,,2,1,2,2,1,,,,1,2,2,2,2,1,2,2,2,2,2,2,2,2,2,2,2,2,1,2,,,,,,,,,,,,,,,,,,,,,,,,,,,,,,,,,,,,,,,,,,,,,
HH000317,1,1,1,1,1,1,1,1,2,1,1,2,2,1,,,,1,1,2,1,2,1,2,2,2,2,2,2,2,2,2,2,2,2,2,2,,,,,,,,,,,,,,,,,,,,,,,,,,,,,,,,,,,,,,,,,,,,,
HH000318,1,1,1,1,2,2,2,2,,1,2,2,2,2,1,2,1,2,,,,,2,1,2,2,2,2,2,2,2,2,2,2,2,2,2,,,,,,,,,,,,,,,,,,,,,,,,,,,,,,,,,,,,,,,,,,,,,
HH000319,1,1,1,1,1,1,1,2,,1,2,1,2,1,,,,2,,,,,1,2,2,2,2,2,2,2,2,2,2,2,2,1,2,,,,,,,,,,,,,,,,,,,,,,,,,,,,,,,,,,,,,,,,,,,,,
HH000320,1,1,1,1,1,1,1,2,,,,,,2,2,2,2,2,,,,,1,2,2,2,2,2,2,2,2,2,2,2,2,1,2,,,,,,,,,,,,,,,,,,,,,,,,,,,,,,,,,,,,,,,,,,,,,
HH000321,1,1,1,2,2,2,2,2,,2,2,2,2,1,,,,2,,,,,1,2,2,2,2,2,2,2,2,2,2,2,2,1,2,,,,,,,,,,,,,,,,,,,,,,,,,,,,,,,,,,,,,,,,,,,,,
HH000322,2,2,2,2,2,2,2,2,,1,2,2,2,2,2,2,2,2,,,,,2,2,1,2,2,1,2,2,2,2,2,2,2,2,2,,,,,,,,,,,,,,,,,,,,,,,,,,,,,,,,,,,,,,,,,,,,,
HH000323,1,1,1,2,2,2,2,2,,,,,,2,1,2,1,2,,,,,1,2,2,2,2,2,2,2,2,2,2,2,2,1,2,,,,,,,,,,,,,,,,,,,,,,,,,,,,,,,,,,,,,,,,,,,,,
HH000324,1,1,1,2,2,2,2,2,,2,2,1,2,2,1,1,2,1,2,1,1,2,2,2,2,2,2,2,2,2,2,2,2,2,2,5,1,03,2,2,2,2,2,2,2,2,2,2,1,,,,,,,,,,,03,,,,,,,,,,,1,,,,,,,,,,,2
HH000325,1,1,1,1,1,1,2,2,,,,,,2,2,2,1,1,2,2,1,2,1,2,2,2,2,2,2,2,2,2,2,2,2,1,2,,,,,,,,,,,,,,,,,,,,,,,,,,,,,,,,,,,,,,,,,,,,,
HH000326,1,1,2,2,2,2,2,2,,,,,,2,1,1,2,1,1,2,2,2,2,2,2,2,2,2,2,2,1,2,2,1,1,1,2,,,,,,,,,,,,,,,,,,,,,,,,,,,,,,,,,,,,,,,,,,,,,
HH000327,2,2,2,2,2,2,2,2,,2,2,2,1,1,,,,1,2,2,2,2,2,2,2,2,2,2,2,2,1,2,2,1,2,1,2,,,,,,,,,,,,,,,,,,,,,,,,,,,,,,,,,,,,,,,,,,,,,
HH000328,2,2,2,2,2,2,2,2,,2,2,2,1,2,1,2,1,1,2,1,2,2,1,2,2,2,2,2,2,2,2,2,2,2,2,2,2,,,,,,,,,,,,,,,,,,,,,,,,,,,,,,,,,,,,,,,,,,,,,
HH000329,1,2,2,2,2,2,2,2,,,,,,1,,,,2,,,,,2,2,2,2,2,2,2,2,2,2,2,2,1,1,2,,,,,,,,,,,,,,,,,,,,,,,,,,,,,,,,,,,,,,,,,,,,,
HH000330,2,2,2,2,2,2,2,2,,2,1,2,2,1,,,,2,,,,,2,2,2,1,2,2,2,2,2,2,2,2,2,1,2,,,,,,,,,,,,,,,,,,,,,,,,,,,,,,,,,,,,,,,,,,,,,
HH000331,1,1,1,2,2,2,2,2,,1,1,2,1,2,1,2,2,2,,,,,2,2,2,2,2,2,2,2,2,2,2,2,1,1,2,,,,,,,,,,,,,,,,,,,,,,,,,,,,,,,,,,,,,,,,,,,,,
HH000332,2,2,2,2,2,2,2,2,,2,2,2,2,2,2,1,2,2,,,,,1,2,2,2,2,2,2,2,2,2,2,2,2,8,2,,,,,,,,,,,,,,,,,,,,,,,,,,,,,,,,,,,,,,,,,,,,,
HH000333,2,2,2,2,2,2,2,2,,1,2,2,2,1,,,,2,,,,,2,2,2,2,2,2,2,2,2,2,2,2,2,1,2,,,,,,,,,,,,,,,,,,,,,,,,,,,,,,,,,,,,,,,,,,,,,
HH000334,1,2,2,2,2,2,2,2,,2,1,2,2,2,1,2,2,2,,,,,1,2,2,2,2,2,2,2,2,2,2,2,2,1,2,,,,,,,,,,,,,,,,,,,,,,,,,,,,,,,,,,,,,,,,,,,,,
HH000335,2,2,2,2,2,2,2,2,,,,,,1,,,,1,1,2,2,2,2,2,2,2,2,2,2,2,1,2,2,1,2,3,2,,,,,,,,,,,,,,,,,,,,,,,,,,,,,,,,,,,,,,,,,,,,,
HH000336,1,1,2,2,2,2,2,2,,1,2,2,2,1,,,,1,2,2,2,2,2,2,2,2,2,2,2,2,2,2,2,2,2,1,2,,,,,,,,,,,,,,,,,,,,,,,,,,,,,,,,,,,,,,,,,,,,,
HH000337,1,1,1,1,1,2,2,2,,,,,,2,1,1,2,2,,,,,2,2,2,2,2,2,2,2,1,2,2,1,2,1,2,,,,,,,,,,,,,,,,,,,,,,,,,,,,,,,,,,,,,,,,,,,,,
HH000338,2,2,2,2,2,2,2,2,,1,2,2,2,2,2,2,2,2,,,,,1,1,1,2,2,2,2,2,1,2,2,2,2,1,2,,,,,,,,,,,,,,,,,,,,,,,,,,,,,,,,,,,,,,,,,,,,,
HH000339,2,2,2,2,2,2,2,2,,,,,,2,1,2,2,2,,,,,1,2,2,2,2,2,2,2,2,2,2,2,2,2,2,,,,,,,,,,,,,,,,,,,,,,,,,,,,,,,,,,,,,,,,,,,,,
HH000340,2,2,2,2,2,2,2,2,,,,,,2,2,2,2,2,,,,,1,2,2,2,2,2,2,2,2,2,2,2,2,2,2,,,,,,,,,,,,,,,,,,,,,,,,,,,,,,,,,,,,,,,,,,,,,
HH000341,1,1,1,2,2,2,2,2,,1,2,2,1,1,,,,2,,,,,1,2,2,2,2,2,2,2,2,2,2,2,2,8,2,,,,,,,,,,,,,,,,,,,,,,,,,,,,,,,,,,,,,,,,,,,,,
HH000342,2,2,2,2,2,2,2,2,,1,2,2,2,1,,,,2,,,,,1,2,1,2,2,2,2,2,2,2,2,2,2,1,2,,,,,,,,,,,,,,,,,,,,,,,,,,,,,,,,,,,,,,,,,,,,,
HH000343,2,2,2,2,2,2,2,2,,2,1,2,2,2,2,2,2,1,2,2,2,2,1,1,2,2,2,2,2,2,1,2,2,1,1,3,1,02,1,2,2,2,2,2,2,2,2,2,2,01,,,,,,,,,,,2,,,,,,,,,,,1,,,,,,,,,,
HH000344,2,2,2,2,2,2,2,2,,2,2,2,2,1,,,,2,,,,,2,2,2,2,2,2,2,2,2,2,2,2,2,2,2,,,,,,,,,,,,,,,,,,,,,,,,,,,,,,,,,,,,,,,,,,,,,
HH000345,2,2,2,2,2,2,2,2,,2,2,2,1,1,,,,2,,,,,1,2,2,2,2,2,2,2,2,2,2,2,2,1,2,,,,,,,,,,,,,,,,,,,,,,,,,,,,,,,,,,,,,,,,,,,,,
HH000346,1,2,2,2,2,2,2,2,,1,2,2,2,2,1,1,2,2,,,,,1,2,2,2,2,2,2,2,2,2,2,2,2,2,2,,,,,,,,,,,,,,,,,,,,,,,,,,,,,,,,,,,,,,,,,,,,,
HH000347,2,2,2,2,2,2,2,2,,2,2,2,2,1,,,,1,2,2,2,2,2,2,2,2,2,2,2,2,2,2,2,2,2,1,2,,,,,,,,,,,,,,,,,,,,,,,,,,,,,,,,,,,,,,,,,,,,,
HH000348,1,1,1,1,1,2,2,2,,,,,,2,1,2,1,2,,,,,2,2,2,2,2,2,2,2,1,2,2,1,1,2,2,,,,,,,,,,,,,,,,,,,,,,,,,,,,,,,,,,,,,,,,,,,,,
HH000349,2,2,2,2,2,2,2,2,,1,2,2,2,1,,,,2,,,,,2,1,2,2,2,2,2,2,2,2,2,2,2,2,2,,,,,,,,,,,,,,,,,,,,,,,,,,,,,,,,,,,,,,,,,,,,,
HH000350,2,2,2,2,2,2,2,2,,,,,,2,2,1,2,1,2,2,1,2,1,2,2,2,2,2,2,2,2,2,2,2,1,2,2,,,,,,,,,,,,,,,,,,,,,,,,,,,,,,,,,,,,,,,,,,,,,
HH000351,1,1,1,1,1,1,2,2,,2,2,2,2,1,,,,2,,,,,2,2,2,2,2,2,1,2,2,2,2,2,1,4,1,01,2,1,2,2,2,2,2,2,2,2,2,,02,,,,,,,,,,,1,,,,,,,,,,,1,,,,,,,,,
HH000352,2,2,2,2,2,2,2,2,,,,,,2,2,2,1,2,,,,,1,2,2,2,2,1,2,2,2,2,2,2,1,4,2,,,,,,,,,,,,,,,,,,,,,,,,,,,,,,,,,,,,,,,,,,,,,
HH000353,1,1,1,1,2,2,2,2,,,,,,1,,,,2,,,,,2,2,2,2,2,2,2,2,2,2,2,2,2,1,2,,,,,,,,,,,,,,,,,,,,,,,,,,,,,,,,,,,,,,,,,,,,,
HH000354,1,1,1,1,1,1,2,2,,,,,,1,,,,1,1,2,1,2,2,2,2,2,2,2,2,2,1,2,2,1,2,1,2,,,,,,,,,,,,,,,,,,,,,,,,,,,,,,,,,,,,,,,,,,,,,
HH000355,1,1,1,1,1,1,2,2,,1,1,2,1,1,,,,2,,,,,2,2,2,2,2,2,2,2,2,2,2,2,1,1,2,,,,,,,,,,,,,,,,,,,,,,,,,,,,,,,,,,,,,,,,,,,,,
HH000356,1,1,1,1,1,2,2,2,,,,,,2,1,1,2,2,,,,,2,2,2,2,2,2,2,2,1,2,2,2,2,2,2,,,,,,,,,,,,,,,,,,,,,,,,,,,,,,,,,,,,,,,,,,,,,
HH000357,2,2,2,2,2,2,2,2,,2,1,2,2,1,,,,2,,,,,1,2,2,2,2,2,2,2,2,2,2,2,2,2,2,,,,,,,,,,,,,,,,,,,,,,,,,,,,,,,,,,,,,,,,,,,,,
HH000358,1,1,1,1,1,1,1,2,,,,,,2,2,2,1,1,1,1,2,1,2,2,2,2,2,2,2,2,1,2,2,2,2,1,1,05,2,2,1,2,2,2,2,2,2,2,2,,,05,,,,,,,,,,,1,,,,,,,,,,,1,,,,,,,,
HH000359,1,1,1,2,2,2,2,2,,1,2,2,2,1,,,,2,,,,,1,2,2,2,2,2,2,2,1,2,2,1,2,2,1,01,2,2,2,2,2,2,2,2,2,2,1,,,,,,,,,,,01,,,,,,,,,,,1,,,,,,,,,,,2
HH000360,1,1,1,1,2,2,2,2,,2,2,2,2,2,1,2,2,1,1,2,1,2,2,2,2,2,2,1,2,2,1,2,2,2,2,1,2,,,,,,,,,,,,,,,,,,,,,,,,,,,,,,,,,,,,,,,,,,,,,
HH000361,1,1,1,1,1,1,2,2,,1,2,2,1,1,,,,2,,,,,2,2,1,2,2,2,2,2,1,2,2,2,1,2,2,,,,,,,,,,,,,,,,,,,,,,,,,,,,,,,,,,,,,,,,,,,,,
HH000362,1,2,2,2,2,2,2,2,,2,2,1,1,2,2,1,1,2,,,,,1,2,2,2,2,2,2,2,2,2,2,2,2,4,2,,,,,,,,,,,,,,,,,,,,,,,,,,,,,,,,,,,,,,,,,,,,,
HH000363,1,1,1,2,2,2,2,2,,1,2,2,1,2,1,2,1,1,2,2,2,2,2,2,2,2,2,2,2,2,2,2,2,2,1,2,2,,,,,,,,,,,,,,,,,,,,,,,,,,,,,,,,,,,,,,,,,,,,,
HH000364,1,2,2,2,2,2,2,2,,,,,,1,,,,2,,,,,2,2,2,2,2,2,2,1,1,2,2,2,2,1,2,,,,,,,,,,,,,,,,,,,,,,,,,,,,,,,,,,,,,,,,,,,,,
HH000365,1,1,1,1,1,1,1,2,,1,1,2,2,1,,,,2,,,,,2,2,2,1,2,2,2,2,2,2,2,2,2,1,2,,,,,,,,,,,,,,,,,,,,,,,,,,,,,,,,,,,,,,,,,,,,,
HH000366,1,1,1,2,2,2,2,2,,,,,,1,,,,1,2,2,2,2,2,2,2,2,2,2,2,2,2,2,2,2,1,1,2,,,,,,,,,,,,,,,,,,,,,,,,,,,,,,,,,,,,,,,,,,,,,
HH000367,2,2,2,2,2,2,2,2,,,,,,2,2,1,2,2,,,,,2,1,2,2,2,2,2,2,2,2,2,2,2,1,2,,,,,,,,,,,,,,,,,,,,,,,,,,,,,,,,,,,,,,,,,,,,,
HH000368,1,1,1,1,1,2,2,2,,1,2,2,2,1,,,,2,,,,,2,2,2,2,1,2,2,2,1,2,2,2,2,2,2,,,,,,,,,,,,,,,,,,,,,,,,,,,,,,,,,,,,,,,,,,,,,
HH000369,2,2,2,2,2,2,2,2,,2,2,1,1,2,2,1,2,2,,,,,1,2,2,2,2,2,2,2,1,2,2,2,2,2,2,,,,,,,,,,,,,,,,,,,,,,,,,,,,,,,,,,,,,,,,,,,,,
HH000370,1,1,1,1,1,2,2,2,,2,2,2,2,1,,,,2,,,,,2,2,2,2,2,2,2,2,2,2,2,2,2,3,2,,,,,,,,,,,,,,,,,,,,,,,,,,,,,,,,,,,,,,,,,,,,,
HH000371,2,2,2,2,2,2,2,2,,1,2,2,2,1,,,,2,,,,,2,2,2,2,2,2,2,2,2,2,2,2,2,3,2,,,,,,,,,,,,,,,,,,,,,,,,,,,,,,,,,,,,,,,,,,,,,
HH000372,2,2,2,2,2,2,2,2,,1,2,1,1,1,,,,1,2,2,2,2,2,2,2,1,2,2,2,2,1,2,2,1,1,2,2,,,,,,,,,,,,,,,,,,,,,,,,,,,,,,,,,,,,,,,,,,,,,
HH000373,1,1,1,1,2,2,2,2,,,,,,2,1,2,2,1,2,1,1,2,1,2,2,2,2,2,1,2,1,2,2,2,2,4,2,,,,,,,,,,,,,,,,,,,,,,,,,,,,,,,,,,,,,,,,,,,,,
HH000374,1,1,1,1,2,2,2,2,,1,2,2,2,2,1,2,2,2,,,,,1,2,2,2,2,2,2,2,2,2,2,2,1,2,2,,,,,,,,,,,,,,,,,,,,,,,,,,,,,,,,,,,,,,,,,,,,,
HH000375,2,2,2,2,2,2,2,2,,,,,,1,,,,2,,,,,2,2,2,2,2,2,2,2,2,2,2,2,2,4,2,,,,,,,,,,,,,,,,,,,,,,,,,,,,,,,,,,,,,,,,,,,,,
HH000376,2,2,2,2,2,2,2,2,,1,2,2,2,2,1,1,2,2,,,,,2,2,2,2,2,2,2,2,2,2,2,2,2,3,1,02,2,2,2,2,2,1,2,2,2,2,2,,,,,,02,,,,,,,,,,,1,,,,,,,,,,,1,,,,,
HH000377,2,2,2,2,2,2,2,2,,2,2,2,2,1,,,,1,2,2,2,2,2,2,2,2,2,2,2,2,1,2,2,2,2,1,1,01,1,2,2,2,2,2,2,2,2,2,2,03,,,,,,,,,,,1,,,,,,,,,,,1,,,,,,,,,,
HH000378,2,2,2,2,2,2,2,2,,1,2,2,1,1,,,,2,,,,,1,2,2,2,2,2,2,2,2,2,2,2,1,1,2,,,,,,,,,,,,,,,,,,,,,,,,,,,,,,,,,,,,,,,,,,,,,
HH000379,1,1,1,2,2,2,2,2,,2,1,2,1,2,1,2,2,2,,,,,2,2,1,2,1,2,2,2,1,2,2,1,2,2,1,01,2,2,1,2,2,2,2,2,2,2,2,,,01,,,,,,,,,,,1,,,,,,,,,,,1,,,,,,,,
HH000380,1,1,1,2,2,2,2,2,,,,,,2,1,2,1,2,,,,,2,2,2,2,2,2,2,2,1,2,2,1,1,2,2,,,,,,,,,,,,,,,,,,,,,,,,,,,,,,,,,,,,,,,,,,,,,
HH000381,2,2,2,2,2,2,2,2,,,,,,1,,,,1,2,2,2,2,2,2,2,2,2,2,2,2,2,2,2,2,2,4,2,,,,,,,,,,,,,,,,,,,,,,,,,,,,,,,,,,,,,,,,,,,,,
HH000382,2,2,2,2,2,2,2,2,,,,,,2,2,2,2,2,,,,,2,2,2,2,2,2,2,2,2,2,2,2,2,3,2,,,,,,,,,,,,,,,,,,,,,,,,,,,,,,,,,,,,,,,,,,,,,
HH000383,2,2,2,2,2,2,2,2,,,,,,1,,,,1,2,2,1,2,1,2,2,2,2,2,2,2,2,2,2,2,1,2,2,,,,,,,,,,,,,,,,,,,,,,,,,,,,,,,,,,,,,,,,,,,,,
HH000384,2,2,2,2,2,2,2,2,,,,,,1,,,,1,1,2,1,2,2,1,2,2,2,1,2,2,2,2,2,2,2,2,2,,,,,,,,,,,,,,,,,,,,,,,,,,,,,,,,,,,,,,,,,,,,,
HH000385,1,1,2,2,2,2,2,2,,1,2,2,2,1,,,,2,,,,,2,2,2,2,2,2,2,2,2,2,2,2,1,3,2,,,,,,,,,,,,,,,,,,,,,,,,,,,,,,,,,,,,,,,,,,,,,
HH000386,2,2,2,2,2,2,2,2,,1,2,2,2,1,,,,1,1,2,2,2,2,1,2,2,2,2,2,2,2,2,2,2,2,1,2,,,,,,,,,,,,,,,,,,,,,,,,,,,,,,,,,,,,,,,,,,,,,
HH000387,2,2,2,2,2,2,2,2,,,,,,1,,,,2,,,,,2,2,2,2,2,2,2,2,2,2,2,2,2,1,2,,,,,,,,,,,,,,,,,,,,,,,,,,,,,,,,,,,,,,,,,,,,,
HH000388,1,1,1,1,1,2,2,2,,,,,,1,,,,2,,,,,2,2,2,2,2,2,2,2,2,2,2,2,1,1,2,,,,,,,,,,,,,,,,,,,,,,,,,,,,,,,,,,,,,,,,,,,,,
HH000389,1,2,2,2,2,2,2,2,,,,,,1,,,,2,,,,,1,2,2,2,2,2,2,2,2,2,2,2,2,5,2,,,,,,,,,,,,,,,,,,,,,,,,,,,,,,,,,,,,,,,,,,,,,
HH000390,2,2,2,2,2,2,2,2,,,,,,1,,,,1,1,2,2,2,1,2,2,2,2,2,2,2,2,2,2,2,2,2,2,,,,,,,,,,,,,,,,,,,,,,,,,,,,,,,,,,,,,,,,,,,,,
HH000391,1,1,2,2,2,2,2,2,,1,2,2,2,1,,,,1,2,2,1,2,2,2,2,2,2,2,2,2,1,2,2,2,2,1,2,,,,,,,,,,,,,,,,,,,,,,,,,,,,,,,,,,,,,,,,,,,,,
HH000392,1,1,1,1,1,2,2,2,,,,,,1,,,,1,2,2,2,2,2,2,2,2,2,2,2,2,2,2,2,2,2,3,2,,,,,,,,,,,,,,,,,,,,,,,,,,,,,,,,,,,,,,,,,,,,,
HH000393,1,2,2,2,2,2,2,2,,1,2,2,2,2,2,2,2,2,,,,,2,2,2,1,2,2,2,2,2,2,2,2,2,1,2,,,,,,,,,,,,,,,,,,,,,,,,,,,,,,,,,,,,,,,,,,,,,
HH000394,2,2,2,2,2,2,2,2,,1,2,2,1,1,,,,2,,,,,2,2,2,2,2,2,2,2,2,2,2,2,2,2,2,,,,,,,,,,,,,,,,,,,,,,,,,,,,,,,,,,,,,,,,,,,,,
HH000395,1,2,2,2,2,2,2,2,,1,2,2,2,1,,,,1,2,2,2,2,2,2,2,2,2,2,2,2,2,2,2,2,2,2,2,,,,,,,,,,,,,,,,,,,,,,,,,,,,,,,,,,,,,,,,,,,,,
HH000396,1,1,1,1,1,1,2,2,,,,,,2,1,2,1,1,2,2,2,2,1,2,2,2,2,2,2,2,1,1,2,1,1,3,1,07,1,2,2,2,2,2,2,2,2,2,2,01,,,,,,,,,,,1,,,,,,,,,,,1,,,,,,,,,,
HH000397,1,1,1,1,1,2,2,2,,1,2,2,2,2,1,1,2,2,,,,,2,2,2,2,2,2,2,2,2,2,2,2,2,1,2,,,,,,,,,,,,,,,,,,,,,,,,,,,,,,,,,,,,,,,,,,,,,
HH000398,1,1,1,1,1,1,2,2,,,,,,2,2,1,2,1,2,2,2,2,1,2,2,2,2,2,2,2,2,2,2,2,2,4,2,,,,,,,,,,,,,,,,,,,,,,,,,,,,,,,,,,,,,,,,,,,,,
HH000399,1,1,1,1,1,2,2,2,,2,2,2,2,2,2,2,2,2,,,,,2,2,2,2,2,2,2,2,2,2,2,2,2,1,2,,,,,,,,,,,,,,,,,,,,,,,,,,,,,,,,,,,,,,,,,,,,,
HH000400,2,2,2,2,2,2,2,2,,2,1,2,2,2,1,2,2,2,,,,,1,2,2,2,2,2,2,2,2,2,2,2,2,1,2,,,,,,,,,,,,,,,,,,,,,,,,,,,,,,,,,,,,,,,,,,,,,
HH000401,2,2,2,2,2,2,2,2,,2,2,2,2,2,2,2,1,2,,,,,1,2,2,2,2,2,2,2,2,2,2,2,1,3,1,01,2,2,1,2,2,2,2,2,2,2,2,,,02,,,,,,,,,,,1,,,,,,,,,,,1,,,,,,,,
HH000402,2,2,2,2,2,2,2,2,,1,2,2,2,2,2,2,2,2,,,,,2,2,2,2,2,2,2,2,1,2,2,1,2,2,2,,,,,,,,,,,,,,,,,,,,,,,,,,,,,,,,,,,,,,,,,,,,,
HH000403,1,1,1,1,2,2,2,2,,,,,,2,1,2,1,2,,,,,2,2,2,2,2,2,2,2,1,2,2,2,2,2,2,,,,,,,,,,,,,,,,,,,,,,,,,,,,,,,,,,,,,,,,,,,,,
HH000404,1,2,2,2,2,2,2,2,,1,1,2,2,2,1,2,1,2,,,,,1,2,2,2,2,2,2,2,1,2,2,1,2,2,2,,,,,,,,,,,,,,,,,,,,,,,,,,,,,,,,,,,,,,,,,,,,,
HH000405,2,2,2,2,2,2,2,2,,2,1,2,2,2,2,1,2,2,,,,,2,2,2,2,2,2,2,2,2,2,2,2,2,2,2,,,,,,,,,,,,,,,,,,,,,,,,,,,,,,,,,,,,,,,,,,,,,
HH000406,2,2,2,2,2,2,2,2,,1,2,2,2,1,,,,1,2,1,1,2,2,2,2,2,2,2,2,2,1,2,2,1,1,2,2,,,,,,,,,,,,,,,,,,,,,,,,,,,,,,,,,,,,,,,,,,,,,
HH000407,1,1,1,1,1,1,1,2,,,,,,2,1,1,2,2,,,,,2,2,2,2,2,1,2,2,1,2,2,1,2,1,2,,,,,,,,,,,,,,,,,,,,,,,,,,,,,,,,,,,,,,,,,,,,,
HH000408,1,1,1,1,2,2,2,2,,2,2,2,2,1,,,,2,,,,,2,2,2,2,2,2,2,2,2,2,2,2,2,3,2,,,,,,,,,,,,,,,,,,,,,,,,,,,,,,,,,,,,,,,,,,,,,
HH000409,1,1,1,1,1,1,1,2,,,,,,1,,,,2,,,,,1,2,2,2,2,2,2,2,2,2,2,2,2,1,2,,,,,,,,,,,,,,,,,,,,,,,,,,,,,,,,,,,,,,,,,,,,,
HH000410,1,1,1,2,2,2,2,2,,2,2,2,2,2,2,2,2,2,,,,,1,2,2,2,2,2,2,2,2,2,2,2,2,1,2,,,,,,,,,,,,,,,,,,,,,,,,,,,,,,,,,,,,,,,,,,,,,
HH000411,2,2,2,2,2,2,2,2,,,,,,1,,,,2,,,,,1,2,2,2,2,1,2,2,2,2,2,2,2,2,2,,,,,,,,,,,,,,,,,,,,,,,,,,,,,,,,,,,,,,,,,,,,,
HH000412,1,1,1,1,1,2,2,2,,2,1,2,2,1,,,,2,,,,,2,2,2,2,2,2,2,2,2,2,2,2,1,3,2,,,,,,,,,,,,,,,,,,,,,,,,,,,,,,,,,,,,,,,,,,,,,
HH000413,1,1,1,1,1,1,1,2,,2,2,2,2,2,1,1,1,2,,,,,1,2,2,2,2,2,2,2,1,2,2,1,1,2,1,07,2,2,1,2,2,2,2,2,2,2,2,,,07,,,,,,,,,,,1,,,,,,,,,,,1,,,,,,,,
HH000414,1,1,1,1,1,2,2,2,,,,,,1,,,,2,,,,,1,2,2,2,2,2,1,2,2,2,2,2,2,1,2,,,,,,,,,,,,,,,,,,,,,,,,,,,,,,,,,,,,,,,,,,,,,
HH000415,1,1,1,1,1,1,2,2,,2,2,2,1,1,,,,1,2,2,1,2,1,2,2,2,2,2,2,2,1,2,2,1,2,1,2,,,,,,,,,,,,,,,,,,,,,,,,,,,,,,,,,,,,,,,,,,,,,
HH000416,1,1,2,2,2,2,2,2,,,,,,2,1,2,2,2,,,,,1,2,2,2,2,2,2,2,1,2,2,2,1,1,2,,,,,,,,,,,,,,,,,,,,,,,,,,,,,,,,,,,,,,,,,,,,,
HH000417,2,2,2,2,2,2,2,2,,1,2,2,2,2,1,2,1,2,,,,,2,2,2,2,2,2,2,2,2,2,2,2,2,4,2,,,,,,,,,,,,,,,,,,,,,,,,,,,,,,,,,,,,,,,,,,,,,
HH000418,1,1,1,2,2,2,2,2,,,,,,2,1,1,1,2,,,,,1,2,2,2,2,2,2,2,2,2,2,2,2,2,2,,,,,,,,,,,,,,,,,,,,,,,,,,,,,,,,,,,,,,,,,,,,,
HH000419,1,1,2,2,2,2,2,2,,2,2,1,2,1,,,,2,,,,,2,2,2,2,2,2,2,2,2,2,2,2,2,2,2,,,,,,,,,,,,,,,,,,,,,,,,,,,,,,,,,,,,,,,,,,,,,
HH000420,1,1,2,2,2,2,2,2,,1,2,2,2,1,,,,1,1,2,1,2,2,2,2,2,2,2,2,2,2,2,2,2,2,2,2,,,,,,,,,,,,,,,,,,,,,,,,,,,,,,,,,,,,,,,,,,,,,
HH000421,1,1,1,1,1,1,1,1,1,,,,,2,2,2,1,1,2,2,2,2,2,2,2,2,2,2,2,2,1,2,2,1,2,4,2,,,,,,,,,,,,,,,,,,,,,,,,,,,,,,,,,,,,,,,,,,,,,
HH000422,1,1,1,2,2,2,2,2,,1,2,2,2,2,1,1,2,1,2,2,2,2,2,2,2,2,2,2,2,2,2,2,2,2,1,2,2,,,,,,,,,,,,,,,,,,,,,,,,,,,,,,,,,,,,,,,,,,,,,
HH000423,1,1,1,2,2,2,2,2,,1,2,2,2,1,,,,1,2,2,1,2,1,2,2,2,1,2,2,2,2,2,2,2,2,4,2,,,,,,,,,,,,,,,,,,,,,,,,,,,,,,,,,,,,,,,,,,,,,
HH000424,1,1,1,1,1,1,2,2,,1,2,1,2,1,,,,2,,,,,1,2,2,2,2,2,2,2,1,2,1,1,2,1,2,,,,,,,,,,,,,,,,,,,,,,,,,,,,,,,,,,,,,,,,,,,,,
HH000425,1,1,1,1,1,1,2,2,,2,2,2,2,1,,,,1,1,2,1,2,2,1,2,2,2,2,2,2,1,2,2,1,1,1,2,,,,,,,,,,,,,,,,,,,,,,,,,,,,,,,,,,,,,,,,,,,,,
HH000426,2,2,2,2,2,2,2,2,,1,2,2,2,2,2,2,2,2,,,,,2,2,2,2,2,2,2,2,2,2,2,2,2,1,2,,,,,,,,,,,,,,,,,,,,,,,,,,,,,,,,,,,,,,,,,,,,,
HH000427,1,1,1,1,1,1,1,1,2,1,2,1,2,2,1,1,2,2,,,,,2,2,2,2,2,2,2,2,1,2,2,2,2,1,2,,,,,,,,,,,,,,,,,,,,,,,,,,,,,,,,,,,,,,,,,,,,,
HH000428,1,1,1,2,2,2,2,2,,1,2,2,1,2,2,1,2,1,2,2,2,2,2,2,2,2,2,2,2,2,1,2,2,2,2,2,2,,,,,,,,,,,,,,,,,,,,,,,,,,,,,,,,,,,,,,,,,,,,,
HH000429,1,1,1,2,2,2,2,2,,,,,,2,1,1,1,1,2,2,2,2,2,2,2,2,2,2,2,2,2,2,2,2,2,1,2,,,,,,,,,,,,,,,,,,,,,,,,,,,,,,,,,,,,,,,,,,,,,
HH000430,2,2,2,2,2,2,2,2,,2,1,2,2,1,,,,1,2,2,2,2,1,2,2,2,2,2,2,2,1,2,2,1,2,3,2,,,,,,,,,,,,,,,,,,,,,,,,,,,,,,,,,,,,,,,,,,,,,
HH000431,1,1,1,1,1,2,2,2,,2,2,1,2,1,,,,2,,,,,2,2,2,2,2,2,2,2,1,2,2,1,2,1,2,,,,,,,,,,,,,,,,,,,,,,,,,,,,,,,,,,,,,,,,,,,,,
HH000432,2,2,2,2,2,2,2,2,,,,,,1,,,,2,,,,,1,2,2,2,2,2,2,2,2,2,2,2,2,3,2,,,,,,,,,,,,,,,,,,,,,,,,,,,,,,,,,,,,,,,,,,,,,
HH000433,1,1,1,2,2,2,2,2,,2,2,2,1,2,1,2,2,2,,,,,2,2,2,2,2,2,2,2,2,2,2,2,2,2,2,,,,,,,,,,,,,,,,,,,,,,,,,,,,,,,,,,,,,,,,,,,,,
HH000434,2,2,2,2,2,2,2,2,,2,2,2,1,1,,,,2,,,,,2,2,2,2,2,2,2,2,2,2,2,2,2,2,2,,,,,,,,,,,,,,,,,,,,,,,,,,,,,,,,,,,,,,,,,,,,,
HH000435,1,1,1,1,1,1,2,2,,2,2,2,1,1,,,,2,,,,,2,2,2,2,2,2,2,2,1,2,2,2,2,1,2,,,,,,,,,,,,,,,,,,,,,,,,,,,,,,,,,,,,,,,,,,,,,
HH000436,1,1,1,1,2,2,2,2,,1,2,2,2,1,,,,1,2,2,2,2,1,2,2,2,2,2,2,2,2,2,2,2,1,2,2,,,,,,,,,,,,,,,,,,,,,,,,,,,,,,,,,,,,,,,,,,,,,
HH000437,1,1,2,2,2,2,2,2,,1,2,2,2,1,,,,2,,,,,1,1,2,2,2,2,2,2,2,2,2,2,1,2,2,,,,,,,,,,,,,,,,,,,,,,,,,,,,,,,,,,,,,,,,,,,,,
HH000438,2,2,2,2,2,2,2,2,,2,1,2,1,1,,,,1,1,2,2,2,2,2,2,2,2,2,2,2,1,2,2,1,2,2,2,,,,,,,,,,,,,,,,,,,,,,,,,,,,,,,,,,,,,,,,,,,,,
HH000439,1,2,2,2,2,2,2,2,,,,,,1,,,,2,,,,,2,2,2,2,2,2,2,2,1,2,2,1,1,3,2,,,,,,,,,,,,,,,,,,,,,,,,,,,,,,,,,,,,,,,,,,,,,
HH000440,2,2,2,2,2,2,2,2,,1,2,2,2,1,,,,2,,,,,2,2,2,2,2,2,2,2,2,2,2,2,2,2,2,,,,,,,,,,,,,,,,,,,,,,,,,,,,,,,,,,,,,,,,,,,,,
HH000441,1,1,1,1,1,1,1,1,1,,,,,2,1,2,2,2,,,,,1,2,2,2,2,2,2,2,1,1,2,1,2,3,2,,,,,,,,,,,,,,,,,,,,,,,,,,,,,,,,,,,,,,,,,,,,,
HH000442,1,1,1,1,1,1,1,2,,,,,,2,2,2,2,2,,,,,2,2,2,2,2,2,2,2,1,2,2,1,2,2,2,,,,,,,,,,,,,,,,,,,,,,,,,,,,,,,,,,,,,,,,,,,,,
HH000443,1,1,1,1,2,2,2,2,,1,2,2,2,1,,,,1,2,2,2,2,2,1,2,2,2,1,2,2,2,2,2,2,2,2,2,,,,,,,,,,,,,,,,,,,,,,,,,,,,,,,,,,,,,,,,,,,,,
HH000444,1,1,2,2,2,2,2,2,,1,2,2,2,1,,,,1,2,2,2,2,2,1,1,2,2,2,1,2,2,2,2,2,1,1,2,,,,,,,,,,,,,,,,,,,,,,,,,,,,,,,,,,,,,,,,,,,,,
HH000445,2,2,2,2,2,2,2,2,,1,2,2,2,2,2,2,2,2,,,,,1,2,2,2,2,2,2,2,2,2,2,2,2,1,2,,,,,,,,,,,,,,,,,,,,,,,,,,,,,,,,,,,,,,,,,,,,,
HH000446,2,2,2,2,2,2,2,2,,,,,,2,2,2,2,2,,,,,2,2,2,2,2,2,2,2,2,2,2,2,2,3,2,,,,,,,,,,,,,,,,,,,,,,,,,,,,,,,,,,,,,,,,,,,,,
HH000447,1,1,2,2,2,2,2,2,,2,1,2,2,2,2,2,1,1,1,2,1,2,2,2,2,2,2,2,2,2,2,2,2,2,2,1,2,,,,,,,,,,,,,,,,,,,,,,,,,,,,,,,,,,,,,,,,,,,,,
HH000448,1,2,2,2,2,2,2,2,,1,2,2,2,1,,,,1,1,1,1,2,1,2,2,2,2,2,1,2,2,2,2,2,2,1,2,,,,,,,,,,,,,,,,,,,,,,,,,,,,,,,,,,,,,,,,,,,,,
HH000449,1,1,1,2,2,2,2,2,,,,,,2,1,1,2,2,,,,,2,2,2,2,2,2,2,2,2,2,2,2,2,1,2,,,,,,,,,,,,,,,,,,,,,,,,,,,,,,,,,,,,,,,,,,,,,
HH000450,2,2,2,2,2,2,2,2,,,,,,2,1,2,2,1,2,2,2,2,2,2,2,2,2,1,2,2,2,2,2,2,1,2,2,,,,,,,,,,,,,,,,,,,,,,,,,,,,,,,,,,,,,,,,,,,,,
HH000451,2,2,2,2,2,2,2,2,,1,2,2,1,1,,,,2,,,,,2,2,1,2,2,2,1,2,2,2,2,2,2,2,2,,,,,,,,,,,,,,,,,,,,,,,,,,,,,,,,,,,,,,,,,,,,,
HH000452,1,1,1,1,1,1,1,2,,,,,,2,1,1,1,1,2,2,2,2,2,2,2,2,2,2,2,2,1,2,2,1,1,3,2,,,,,,,,,,,,,,,,,,,,,,,,,,,,,,,,,,,,,,,,,,,,,
HH000453,1,1,1,1,1,1,1,2,,,,,,1,,,,2,,,,,1,1,2,2,2,2,2,2,1,2,2,1,2,2,2,,,,,,,,,,,,,,,,,,,,,,,,,,,,,,,,,,,,,,,,,,,,,
HH000454,1,2,2,2,2,2,2,2,,2,2,2,2,2,2,2,1,2,,,,,2,2,2,2,2,2,2,2,1,2,2,2,2,1,2,,,,,,,,,,,,,,,,,,,,,,,,,,,,,,,,,,,,,,,,,,,,,
HH000455,2,2,2,2,2,2,2,2,,1,1,2,2,2,2,2,2,2,,,,,2,1,2,2,2,2,2,2,1,2,2,2,2,4,2,,,,,,,,,,,,,,,,,,,,,,,,,,,,,,,,,,,,,,,,,,,,,
HH000456,1,1,1,1,1,1,1,2,,2,1,2,2,2,1,1,2,2,,,,,1,2,2,2,2,2,2,2,1,2,2,2,2,1,2,,,,,,,,,,,,,,,,,,,,,,,,,,,,,,,,,,,,,,,,,,,,,
HH000457,2,2,2,2,2,2,2,2,,1,2,2,2,1,,,,2,,,,,1,2,2,2,2,2,2,2,1,2,2,2,2,4,2,,,,,,,,,,,,,,,,,,,,,,,,,,,,,,,,,,,,,,,,,,,,,
HH000458,1,1,2,2,2,2,2,2,,,,,,1,,,,2,,,,,2,2,2,2,2,1,2,2,2,2,2,2,2,2,2,,,,,,,,,,,,,,,,,,,,,,,,,,,,,,,,,,,,,,,,,,,,,
HH000459,1,1,1,2,2,2,2,2,,1,2,2,2,2,2,2,2,2,,,,,1,2,2,2,2,2,2,2,2,2,2,2,2,1,2,,,,,,,,,,,,,,,,,,,,,,,,,,,,,,,,,,,,,,,,,,,,,
HH000460,1,1,1,1,1,2,2,2,,1,1,2,2,2,1,2,2,2,,,,,1,2,2,2,2,2,1,2,1,2,2,1,2,1,2,,,,,,,,,,,,,,,,,,,,,,,,,,,,,,,,,,,,,,,,,,,,,
HH000461,1,1,1,1,1,1,2,2,,,,,,2,1,2,2,1,2,1,2,2,1,2,2,2,2,2,2,2,1,2,2,2,2,1,2,,,,,,,,,,,,,,,,,,,,,,,,,,,,,,,,,,,,,,,,,,,,,
HH000462,1,1,2,2,2,2,2,2,,2,2,1,1,1,,,,2,,,,,1,2,2,2,2,2,2,2,2,2,2,2,2,1,2,,,,,,,,,,,,,,,,,,,,,,,,,,,,,,,,,,,,,,,,,,,,,
HH000463,1,1,1,1,1,2,2,2,,,,,,2,2,2,2,1,2,2,2,2,2,2,2,2,2,2,2,2,1,2,2,1,1,1,2,,,,,,,,,,,,,,,,,,,,,,,,,,,,,,,,,,,,,,,,,,,,,
HH000464,2,2,2,2,2,2,2,2,,1,2,2,2,1,,,,1,2,2,2,2,2,1,2,2,2,2,2,2,2,2,2,2,2,1,2,,,,,,,,,,,,,,,,,,,,,,,,,,,,,,,,,,,,,,,,,,,,,
HH000465,1,1,1,1,1,1,1,2,,,,,,1,,,,2,,,,,2,2,2,2,2,2,2,2,1,2,2,1,2,2,2,,,,,,,,,,,,,,,,,,,,,,,,,,,,,,,,,,,,,,,,,,,,,
HH000466,2,2,2,2,2,2,2,2,,2,2,2,1,1,,,,2,,,,,1,2,2,2,2,2,2,2,2,2,2,2,1,1,2,,,,,,,,,,,,,,,,,,,,,,,,,,,,,,,,,,,,,,,,,,,,,
HH000467,2,2,2,2,2,2,2,2,,1,2,2,1,2,2,2,2,2,,,,,1,2,2,2,2,2,2,2,1,2,2,1,1,1,2,,,,,,,,,,,,,,,,,,,,,,,,,,,,,,,,,,,,,,,,,,,,,
HH000468,2,2,2,2,2,2,2,2,,2,2,2,2,1,,,,2,,,,,2,2,2,2,2,2,2,2,1,2,2,2,1,1,2,,,,,,,,,,,,,,,,,,,,,,,,,,,,,,,,,,,,,,,,,,,,,
HH000469,2,2,2,2,2,2,2,2,,,,,,2,1,2,2,1,2,2,2,2,1,2,2,2,2,2,2,2,1,2,2,2,1,1,2,,,,,,,,,,,,,,,,,,,,,,,,,,,,,,,,,,,,,,,,,,,,,
HH000470,1,1,1,1,2,2,2,2,,,,,,1,,,,2,,,,,2,2,2,2,2,2,2,2,2,2,2,2,2,1,2,,,,,,,,,,,,,,,,,,,,,,,,,,,,,,,,,,,,,,,,,,,,,
HH000471,2,2,2,2,2,2,2,2,,,,,,1,,,,2,,,,,1,2,2,2,2,2,2,2,1,2,2,2,2,1,2,,,,,,,,,,,,,,,,,,,,,,,,,,,,,,,,,,,,,,,,,,,,,
HH000472,1,1,1,1,1,1,1,1,1,,,,,2,1,1,1,1,2,2,1,2,1,2,2,2,2,2,2,2,1,2,2,1,1,1,2,,,,,,,,,,,,,,,,,,,,,,,,,,,,,,,,,,,,,,,,,,,,,
HH000473,2,2,2,2,2,2,2,2,,1,1,2,2,1,,,,2,,,,,1,2,2,2,2,1,2,2,2,2,2,2,2,2,2,,,,,,,,,,,,,,,,,,,,,,,,,,,,,,,,,,,,,,,,,,,,,
HH000474,2,2,2,2,2,2,2,2,,,,,,1,,,,2,,,,,2,2,2,2,2,2,2,2,2,2,2,2,2,1,2,,,,,,,,,,,,,,,,,,,,,,,,,,,,,,,,,,,,,,,,,,,,,
HH000475,1,1,1,1,1,2,2,2,,2,1,2,1,1,,,,1,1,2,1,1,2,2,2,2,2,2,2,2,1,2,2,1,2,1,2,,,,,,,,,,,,,,,,,,,,,,,,,,,,,,,,,,,,,,,,,,,,,
HH000476,1,2,2,2,2,2,2,2,,,,,,2,1,2,2,2,,,,,1,1,2,2,2,2,2,2,2,2,2,2,2,2,2,,,,,,,,,,,,,,,,,,,,,,,,,,,,,,,,,,,,,,,,,,,,,
HH000477,2,2,2,2,2,2,2,2,,2,2,2,1,2,1,2,2,1,2,2,1,2,1,1,2,2,2,2,2,2,2,2,2,2,2,1,2,,,,,,,,,,,,,,,,,,,,,,,,,,,,,,,,,,,,,,,,,,,,,
HH000478,1,2,2,2,2,2,2,2,,1,2,2,2,1,,,,1,2,2,1,2,2,2,1,2,2,2,2,2,2,2,2,2,1,2,2,,,,,,,,,,,,,,,,,,,,,,,,,,,,,,,,,,,,,,,,,,,,,
HH000479,2,2,2,2,2,2,2,2,,1,2,2,2,1,,,,2,,,,,1,2,2,2,2,2,2,2,2,2,2,2,1,2,2,,,,,,,,,,,,,,,,,,,,,,,,,,,,,,,,,,,,,,,,,,,,,
HH000480,2,2,2,2,2,2,2,2,,,,,,2,1,1,2,1,1,2,2,2,2,2,2,1,2,1,2,2,1,2,2,1,2,1,2,,,,,,,,,,,,,,,,,,,,,,,,,,,,,,,,,,,,,,,,,,,,,
HH000481,2,2,2,2,2,2,2,2,,2,2,2,1,1,,,,2,,,,,1,2,2,2,2,2,2,2,2,2,2,2,2,1,2,,,,,,,,,,,,,,,,,,,,,,,,,,,,,,,,,,,,,,,,,,,,,
HH000482,1,2,2,2,2,2,2,2,,1,1,2,2,1,,,,2,,,,,1,2,2,2,2,1,2,2,2,2,2,2,2,1,2,,,,,,,,,,,,,,,,,,,,,,,,,,,,,,,,,,,,,,,,,,,,,
HH000483,1,1,1,2,2,2,2,2,,,,,,1,,,,2,,,,,1,2,2,2,2,2,2,2,2,2,2,2,2,3,2,,,,,,,,,,,,,,,,,,,,,,,,,,,,,,,,,,,,,,,,,,,,,
HH000484,2,2,2,2,2,2,2,2,,,,,,1,,,,2,,,,,2,2,1,2,2,2,1,2,1,2,2,2,2,2,1,04,1,2,2,2,2,2,2,2,2,2,2,04,,,,,,,,,,,1,,,,,,,,,,,1,,,,,,,,,,
HH000485,2,2,2,2,2,2,2,2,,,,,,1,,,,1,1,2,2,2,1,2,2,2,2,2,1,2,1,2,2,1,2,1,2,,,,,,,,,,,,,,,,,,,,,,,,,,,,,,,,,,,,,,,,,,,,,
HH000486,1,1,2,2,2,2,2,2,,,,,,2,1,1,2,2,,,,,2,2,2,2,2,2,2,2,2,2,2,2,2,5,2,,,,,,,,,,,,,,,,,,,,,,,,,,,,,,,,,,,,,,,,,,,,,
HH000487,1,1,1,2,2,2,2,2,,,,,,1,,,,1,1,1,1,2,2,2,2,2,2,1,2,2,2,2,2,2,2,2,2,,,,,,,,,,,,,,,,,,,,,,,,,,,,,,,,,,,,,,,,,,,,,
HH000488,2,2,2,2,2,2,2,2,,,,,,2,1,2,1,2,,,,,1,2,2,2,2,2,2,2,1,2,2,2,2,1,2,,,,,,,,,,,,,,,,,,,,,,,,,,,,,,,,,,,,,,,,,,,,,
HH000489,1,1,1,2,2,2,2,2,,2,2,2,2,1,,,,1,2,2,2,2,2,2,2,2,2,2,2,2,2,2,2,2,2,1,2,,,,,,,,,,,,,,,,,,,,,,,,,,,,,,,,,,,,,,,,,,,,,
HH000490,1,1,1,1,2,2,2,2,,,,,,1,,,,1,2,2,2,1,2,2,2,2,2,2,2,2,2,2,2,2,2,2,2,,,,,,,,,,,,,,,,,,,,,,,,,,,,,,,,,,,,,,,,,,,,,
HH000491,1,1,1,2,2,2,2,2,,2,2,1,2,1,,,,2,,,,,1,2,2,2,2,2,2,2,2,2,2,2,1,3,2,,,,,,,,,,,,,,,,,,,,,,,,,,,,,,,,,,,,,,,,,,,,,
HH000492,1,1,1,1,1,1,2,2,,1,2,2,1,1,,,,1,2,2,2,2,2,2,2,2,2,2,2,2,2,2,2,2,2,2,1,01,2,2,2,2,2,2,2,2,1,2,2,,,,,,,,,01,,,,,,,,,,,4,,,,,,,,,,,1,,
HH000493,1,1,1,1,2,2,2,2,,2,2,2,2,2,1,2,2,2,,,,,2,2,2,2,2,2,2,2,2,2,2,2,2,1,2,,,,,,,,,,,,,,,,,,,,,,,,,,,,,,,,,,,,,,,,,,,,,
HH000494,2,2,2,2,2,2,2,2,,,,,,2,2,2,1,1,2,2,1,2,2,2,2,2,2,2,2,2,2,2,2,2,2,1,2,,,,,,,,,,,,,,,,,,,,,,,,,,,,,,,,,,,,,,,,,,,,,
HH000495,1,1,1,1,1,2,2,2,,2,2,2,1,2,1,2,2,2,,,,,1,2,2,2,2,2,2,2,1,1,2,1,1,1,2,,,,,,,,,,,,,,,,,,,,,,,,,,,,,,,,,,,,,,,,,,,,,
HH000496,1,1,1,2,2,2,2,2,,2,2,2,2,1,,,,2,,,,,2,2,2,2,2,2,2,2,1,2,2,1,1,1,2,,,,,,,,,,,,,,,,,,,,,,,,,,,,,,,,,,,,,,,,,,,,,
HH000497,2,2,2,2,2,2,2,2,,2,2,2,2,2,1,1,2,1,2,2,1,2,1,2,2,2,2,2,2,2,1,2,2,1,2,2,2,,,,,,,,,,,,,,,,,,,,,,,,,,,,,,,,,,,,,,,,,,,,,
HH000498,1,1,2,2,2,2,2,2,,1,2,2,2,1,,,,2,,,,,2,2,2,2,2,2,2,2,2,2,2,2,2,3,1,02,2,2,2,2,2,2,2,2,2,1,2,,,,,,,,,,02,,,,,,,,,,,1,,,,,,,,,,,3,
HH000499,1,1,2,2,2,2,2,2,,,,,,1,,,,2,,,,,2,2,2,2,2,1,2,2,1,2,2,2,2,1,1,03,2,2,2,2,2,2,2,2,2,1,2,,,,,,,,,,03,,,,,,,,,,,1,,,,,,,,,,,2,
HH000500,2,2,2,2,2,2,2,2,,1,2,2,2,1,,,,1,2,2,2,2,1,2,2,2,2,2,2,2,2,2,2,2,2,1,2,,,,,,,,,,,,,,,,,,,,,,,,,,,,,,,,,,,,,,,,,,,,,
