variable_name,display_name,source_section,source_record,source_file,cbms_item,metadata_data_type,metadata_length,metadata_decimal,metadata_scale,practical_type,needs_translation,needs_member_resolution,display_handling,review_status,notes
J01_WORRIED,Worried About Not Having Enough Food to Eat,J,SECTION_J,synthetic_household_final(4).csv,J01,Numeric,1,0,Nominal,yes_no_code,Yes,No,codebook_lookup,classified,Use the official choices for this variable. Some Yes/No-style CBMS questions also allow codes such as Don't Know or Prefer Not to Answer.
J02_NOT_EATEN_HEALTHY,Unable to Eat Healthy and Nutritious Food,J,SECTION_J,synthetic_household_final(4).csv,J02,Numeric,1,0,Nominal,yes_no_code,Yes,No,codebook_lookup,classified,Use the official choices for this variable. Some Yes/No-style CBMS questions also allow codes such as Don't Know or Prefer Not to Answer.
J03_ATE_FEW_FOOD,Ate Only a Few Kinds of Food,J,SECTION_J,synthetic_household_final(4).csv,J03,Numeric,1,0,Nominal,yes_no_code,Yes,No,codebook_lookup,classified,Use the official choices for this variable. Some Yes/No-style CBMS questions also allow codes such as Don't Know or Prefer Not to Answer.
J04_SKIPPED_MEAL,Had to Skip a Meal,J,SECTION_J,synthetic_household_final(4).csv,J04,Numeric,1,0,Nominal,yes_no_code,Yes,No,codebook_lookup,classified,Use the official choices for this variable. Some Yes/No-style CBMS questions also allow codes such as Don't Know or Prefer Not to Answer.
J05_ATE_LESS,Ate Less Than They Thought They Should,J,SECTION_J,synthetic_household_final(4).csv,J05,Numeric,1,0,Nominal,yes_no_code,Yes,No,codebook_lookup,classified,Use the official choices for this variable. Some Yes/No-style CBMS questions also allow codes such as Don't Know or Prefer Not to Answer.
J06_RAN_OUT_OF_FOOD,Ran Out of Food,J,SECTION_J,synthetic_household_final(4).csv,J06,Numeric,1,0,Nominal,yes_no_code,Yes,No,codebook_lookup,classified,Use the official choices for this variable. Some Yes/No-style CBMS questions also allow codes such as Don't Know or Prefer Not to Answer.
J07_HUNGRY,Hungry but Did Not Eat,J,SECTION_J,synthetic_household_final(4).csv,J07,Numeric,1,0,Nominal,yes_no_code,Yes,No,codebook_lookup,classified,Use the official choices for this variable. Some Yes/No-style CBMS questions also allow codes such as Don't Know or Prefer Not to Answer.
J08_NOT_EATEN_WHOLE_DAY,Did Not Eat for a Whole Day during the Past 12 Months,J,SECTION_J,synthetic_household_final(4).csv,J08,Numeric,1,0,Nominal,yes_no_code,Yes,No,codebook_lookup,classified,Use the official choices for this variable. Some Yes/No-style CBMS questions also allow codes such as Don't Know or Prefer Not to Answer.
J09_NOT_EATEN_WHOLE_DAY_PAST_3_MONTHS,Did Not Eat for a Whole Day during the Past 3 Months,J,SECTION_J,synthetic_household_final(4).csv,J09,Numeric,1,0,Nominal,yes_no_code,Yes,No,codebook_lookup,classified,Use the official choices for this variable. Some Yes/No-style CBMS questions also allow codes such as Don't Know or Prefer Not to Answer.
K03_C_SAVING_FOR_EMERGENCIES,Saving for emergencies,K,SECTION_K,synthetic_household_final(4).csv,K03,Numeric,1,0,Nominal,yes_no_code,Yes,No,codebook_lookup,classified,Use the official choices for this variable. Some Yes/No-style CBMS questions also allow codes such as Don't Know or Prefer Not to Answer.
K03_D_SAVING_FOR_BUSINESS,Saving for opening or expansion of business,K,SECTION_K,synthetic_household_final(4).csv,K03,Numeric,1,0,Nominal,yes_no_code,Yes,No,codebook_lookup,classified,Use the official choices for this variable. Some Yes/No-style CBMS questions also allow codes such as Don't Know or Prefer Not to Answer.
K03_Q_FOR_RECEIVING_PENSION,For receiving pension,K,SECTION_K,synthetic_household_final(4).csv,K03,Numeric,1,0,Nominal,yes_no_code,Yes,No,codebook_lookup,classified,Use the official choices for this variable. Some Yes/No-style CBMS questions also allow codes such as Don't Know or Prefer Not to Answer.
K03_T_FOR_BUSINESS_OPERATIONS,For business operations,K,SECTION_K,synthetic_household_final(4).csv,K03,Numeric,1,0,Nominal,yes_no_code,Yes,No,codebook_lookup,classified,Use the official choices for this variable. Some Yes/No-style CBMS questions also allow codes such as Don't Know or Prefer Not to Answer.
K04_PRESENCE_OF_SAVINGS,Presence of savings,K,SECTION_K,synthetic_household_final(4).csv,K04,Numeric,1,0,Nominal,yes_no_code,Yes,No,codebook_lookup,classified,Use the official choices for this variable. Some Yes/No-style CBMS questions also allow codes such as Don't Know or Prefer Not to Answer.
K06_A_EARN_JUST_ENOUGH,Earn just enough / No extra money,K,SECTION_K,synthetic_household_final(4).csv,K06,Numeric,1,0,Nominal,yes_no_code,Yes,No,codebook_lookup,classified,Use the official choices for this variable. Some Yes/No-style CBMS questions also allow codes such as Don't Know or Prefer Not to Answer.
K06_B_NO_STABLE_SOURCE_OF_INCOME,Unemployment / no stable source of income,K,SECTION_K,synthetic_household_final(4).csv,K06,Numeric,1,0,Nominal,yes_no_code,Yes,No,codebook_lookup,classified,Use the official choices for this variable. Some Yes/No-style CBMS questions also allow codes such as Don't Know or Prefer Not to Answer.
K06_C_USED_FOR_EMERGENCY,"Used for emergency, house repair, events, purchases, and business / entrepreneurial activities",K,SECTION_K,synthetic_household_final(4).csv,K06,Numeric,1,0,Nominal,yes_no_code,Yes,No,codebook_lookup,classified,Use the official choices for this variable. Some Yes/No-style CBMS questions also allow codes such as Don't Know or Prefer Not to Answer.
K07_LOANS,Presence of outstanding loan/s,K,SECTION_K,synthetic_household_final(4).csv,K07,Numeric,1,0,Nominal,yes_no_code,Yes,No,codebook_lookup,classified,Use the official choices for this variable. Some Yes/No-style CBMS questions also allow codes such as Don't Know or Prefer Not to Answer.
K09_A_LOAN_FOR_BUSINESS,Business / entrepreneurial activities,K,SECTION_K,synthetic_household_final(4).csv,K09,Numeric,1,0,Nominal,yes_no_code,Yes,No,codebook_lookup,classified,Use the official choices for this variable. Some Yes/No-style CBMS questions also allow codes such as Don't Know or Prefer Not to Answer.
K09_D_LOAN_FOR_MEDICAL_NEEDS,Medical needs,K,SECTION_K,synthetic_household_final(4).csv,K09,Numeric,1,0,Nominal,yes_no_code,Yes,No,codebook_lookup,classified,Use the official choices for this variable. Some Yes/No-style CBMS questions also allow codes such as Don't Know or Prefer Not to Answer.
K09_E_LOAN_FOR_DAILY_NEEDS,Daily needs,K,SECTION_K,synthetic_household_final(4).csv,K09,Numeric,1,0,Nominal,yes_no_code,Yes,No,codebook_lookup,classified,Use the official choices for this variable. Some Yes/No-style CBMS questions also allow codes such as Don't Know or Prefer Not to Answer.
K09_H_LOAN_FOR_PAYMENT_FOR_ANOTHER_LOAN,Payment for another loan,K,SECTION_K,synthetic_household_final(4).csv,K09,Numeric,1,0,Nominal,yes_no_code,Yes,No,codebook_lookup,classified,Use the official choices for this variable. Some Yes/No-style CBMS questions also allow codes such as Don't Know or Prefer Not to Answer.
K10_C_HEALTH_INSURANCE,Health insurance,K,SECTION_K,synthetic_household_final(4).csv,K10,Numeric,1,0,Nominal,yes_no_code,Yes,No,codebook_lookup,classified,Use the official choices for this variable. Some Yes/No-style CBMS questions also allow codes such as Don't Know or Prefer Not to Answer.
K10_G_MICROINSURANCE,Microinsurance,K,SECTION_K,synthetic_household_final(4).csv,K10,Numeric,1,0,Nominal,yes_no_code,Yes,No,codebook_lookup,classified,Use the official choices for this variable. Some Yes/No-style CBMS questions also allow codes such as Don't Know or Prefer Not to Answer.
K10_H_CROP_INSURANCE,Crop insurance,K,SECTION_K,synthetic_household_final(4).csv,K10,Numeric,1,0,Nominal,yes_no_code,Yes,No,codebook_lookup,classified,Use the official choices for this variable. Some Yes/No-style CBMS questions also allow codes such as Don't Know or Prefer Not to Answer.
K10_I_LIVESTOCK_AND_POULTRY_INSURANCE,Livestock and poultry insurance,K,SECTION_K,synthetic_household_final(4).csv,K10,Numeric,1,0,Nominal,yes_no_code,Yes,No,codebook_lookup,classified,Use the official choices for this variable. Some Yes/No-style CBMS questions also allow codes such as Don't Know or Prefer Not to Answer.
K10_J_FISHERIES_INSURANCE,Fisheries insurance,K,SECTION_K,synthetic_household_final(4).csv,K10,Numeric,1,0,Nominal,yes_no_code,Yes,No,codebook_lookup,classified,Use the official choices for this variable. Some Yes/No-style CBMS questions also allow codes such as Don't Know or Prefer Not to Answer.
L06_WITH_MEMBER_CURRENTLY_PREGNANT,With Currently Pregnant Household Members,L,SECTION_L,synthetic_household_final(4).csv,L06,Numeric,1,0,Nominal,yes_no_code,Yes,No,codebook_lookup,classified,Use the official choices for this variable. Some Yes/No-style CBMS questions also allow codes such as Don't Know or Prefer Not to Answer.
L08_WITH_MEMBER_CURRENTLY_BREASTFEEDING,With currently lactating/breastfeeding mothers,L,SECTION_L,synthetic_household_final(4).csv,L08,Numeric,1,0,Nominal,yes_no_code,Yes,No,codebook_lookup,classified,Use the official choices for this variable. Some Yes/No-style CBMS questions also allow codes such as Don't Know or Prefer Not to Answer.
L10_WITH_CHILD_DIED,With former household member/s 0-5 years old who died,L,SECTION_L,synthetic_household_final(4).csv,L10,Numeric,1,0,Nominal,yes_no_code,Yes,No,codebook_lookup,classified,Use the official choices for this variable. Some Yes/No-style CBMS questions also allow codes such as Don't Know or Prefer Not to Answer.
L15_WITH_PWD_MEMBER,With member who is a Person with Disability,L,SECTION_L,synthetic_household_final(4).csv,L15,Numeric,1,0,Nominal,yes_no_code,Yes,No,codebook_lookup,classified,Use the official choices for this variable. Some Yes/No-style CBMS questions also allow codes such as Don't Know or Prefer Not to Answer.
L19_WITH_CANCER_PATIENT_MEMBER,Presence of cancer patients,L,SECTION_L,synthetic_household_final(4).csv,L19,Numeric,1,0,Nominal,yes_no_code,Yes,No,codebook_lookup,classified,Use the official choices for this variable. Some Yes/No-style CBMS questions also allow codes such as Don't Know or Prefer Not to Answer.
L23_WITH_RARE_DISEASE_MEMBER,Presence of persons with rare disease,L,SECTION_L,synthetic_household_final(4).csv,L23,Numeric,1,0,Nominal,yes_no_code,Yes,No,codebook_lookup,classified,Use the official choices for this variable. Some Yes/No-style CBMS questions also allow codes such as Don't Know or Prefer Not to Answer.
L29_WITH_MEMBER_WHO_HAS_PWD_ID,PWD ID,L,SECTION_L,synthetic_household_final(4).csv,L29,Numeric,1,0,Nominal,yes_no_code,Yes,No,codebook_lookup,classified,Use the official choices for this variable. Some Yes/No-style CBMS questions also allow codes such as Don't Know or Prefer Not to Answer.
L33_MEMBER_WHO_HAS_BEEN_SICK,Presence of Illness / Sickness / Injury in the Past Month,L,SECTION_L,synthetic_household_final(4).csv,L33,Numeric,1,0,Nominal,yes_no_code,Yes,No,codebook_lookup,classified,Use the official choices for this variable. Some Yes/No-style CBMS questions also allow codes such as Don't Know or Prefer Not to Answer.
O01_SAFE_WALKING_ALONE,Feel Safe Walking Alone in the Area,O,SECTION_O,synthetic_household_final(4).csv,O01,Numeric,1,0,Nominal,coded_category,Yes,No,codebook_lookup,classified,Translate using this variable's official CBMS choices; preserve code formatting/leading zeros.
O02_VICTIM_OF_CRIME,Victims of Crime,O,SECTION_O,synthetic_household_final(4).csv,O02,Numeric,1,0,Nominal,yes_no_code,Yes,No,codebook_lookup,classified,Use the official choices for this variable. Some Yes/No-style CBMS questions also allow codes such as Don't Know or Prefer Not to Answer.
SECTION_O_LINE_NUMBER,Section O Line Number,O,SECTION_O04_TO_O08,synthetic_household_final(4).csv,O,Numeric,2,0,Nominal,identifier,No,No,internal_identifier,needs_review,"Needs ETL review. Metadata identifies this as the Section O line number, but it should not be used as a household-member join key until its role is verified against the flattened synthetic household file."
O03_A_THEFT_VICTIM,Victim of Theft of Personal Property,O,SECTION_O,synthetic_household_final(4).csv,O03,Numeric,1,0,Nominal,yes_no_code,Yes,No,codebook_lookup,classified,Use the official choices for this variable. Some Yes/No-style CBMS questions also allow codes such as Don't Know or Prefer Not to Answer.
O03_B_ROBBERY_VICTIM,Victim of Robbery,O,SECTION_O,synthetic_household_final(4).csv,O03,Numeric,1,0,Nominal,yes_no_code,Yes,No,codebook_lookup,classified,Use the official choices for this variable. Some Yes/No-style CBMS questions also allow codes such as Don't Know or Prefer Not to Answer.
O03_C_ASSAULT_VICTIM,Victim of Assault and Threat,O,SECTION_O,synthetic_household_final(4).csv,O03,Numeric,1,0,Nominal,yes_no_code,Yes,No,codebook_lookup,classified,Use the official choices for this variable. Some Yes/No-style CBMS questions also allow codes such as Don't Know or Prefer Not to Answer.
O03_D_PSYCHO_VIOLENCE_VICTIM,Victim of Psychological Violence,O,SECTION_O,synthetic_household_final(4).csv,O03,Numeric,1,0,Nominal,yes_no_code,Yes,No,codebook_lookup,classified,Use the official choices for this variable. Some Yes/No-style CBMS questions also allow codes such as Don't Know or Prefer Not to Answer.
O03_E_SEX_VIOLENCE_VICTIM,Victim of Sexual Offense,O,SECTION_O,synthetic_household_final(4).csv,O03,Numeric,1,0,Nominal,yes_no_code,Yes,No,codebook_lookup,classified,Use the official choices for this variable. Some Yes/No-style CBMS questions also allow codes such as Don't Know or Prefer Not to Answer.
O03_F_FRAUD_VICTIM,Victim of Fraud,O,SECTION_O,synthetic_household_final(4).csv,O03,Numeric,1,0,Nominal,yes_no_code,Yes,No,codebook_lookup,classified,Use the official choices for this variable. Some Yes/No-style CBMS questions also allow codes such as Don't Know or Prefer Not to Answer.
O03_G_BRIBERY_VICTIM,Victim of Corruption / Bribery / Extortion,O,SECTION_O,synthetic_household_final(4).csv,O03,Numeric,1,0,Nominal,yes_no_code,Yes,No,codebook_lookup,classified,Use the official choices for this variable. Some Yes/No-style CBMS questions also allow codes such as Don't Know or Prefer Not to Answer.
O03_I_VEHICLE_THEFT_VICTIM,Victim of Vehicle Theft,O,SECTION_O,synthetic_household_final(4).csv,O03,Numeric,1,0,Nominal,yes_no_code,Yes,No,codebook_lookup,classified,Use the official choices for this variable. Some Yes/No-style CBMS questions also allow codes such as Don't Know or Prefer Not to Answer.
O03_J_BURGLARY_VICTIM,Victim of Housebreaking,O,SECTION_O,synthetic_household_final(4).csv,O03,Numeric,1,0,Nominal,yes_no_code,Yes,No,codebook_lookup,classified,Use the official choices for this variable. Some Yes/No-style CBMS questions also allow codes such as Don't Know or Prefer Not to Answer.
O03_K_VANDALISM_VICTIM,Victim of Vandalism,O,SECTION_O,synthetic_household_final(4).csv,O03,Numeric,1,0,Nominal,yes_no_code,Yes,No,codebook_lookup,classified,Use the official choices for this variable. Some Yes/No-style CBMS questions also allow codes such as Don't Know or Prefer Not to Answer.
O03_Z_OTHER_CRIME_VICTIM,Victim of (Other Crime),O,SECTION_O,synthetic_household_final(4).csv,O03,Numeric,1,0,Nominal,yes_no_code,Yes,No,codebook_lookup,classified,Use the official choices for this variable. Some Yes/No-style CBMS questions also allow codes such as Don't Know or Prefer Not to Answer.
O04_A_THEFT_VICTIM,Household Member Victimized by Theft of Personal Property,O,SECTION_O04_TO_O08,synthetic_household_final(4).csv,O04,Numeric,2,0,Nominal,member_reference,No,Yes,member_lookup,classified,Value is a household member LINE_NUMBER. Resolve it to the generated MEMBER_ID after HOUSEHOLD_ID/MEMBER_ID are created during ETL.
O04_B_ROBBERY_VICTIM,Household Member Victimized by Robbery,O,SECTION_O04_TO_O08,synthetic_household_final(4).csv,O04,Numeric,2,0,Nominal,member_reference,No,Yes,member_lookup,classified,Value is a household member LINE_NUMBER. Resolve it to the generated MEMBER_ID after HOUSEHOLD_ID/MEMBER_ID are created during ETL.
O04_C_ASSAULT_VICTIM,Household Member Victimized by Assault and Threat,O,SECTION_O04_TO_O08,synthetic_household_final(4).csv,O04,Numeric,2,0,Nominal,member_reference,No,Yes,member_lookup,classified,Value is a household member LINE_NUMBER. Resolve it to the generated MEMBER_ID after HOUSEHOLD_ID/MEMBER_ID are created during ETL.
O04_D_PSYCHO_VIOLENCE_VICTIM,Household Member Victimized by Psychological Violence,O,SECTION_O04_TO_O08,synthetic_household_final(4).csv,O04,Numeric,2,0,Nominal,member_reference,No,Yes,member_lookup,classified,Value is a household member LINE_NUMBER. Resolve it to the generated MEMBER_ID after HOUSEHOLD_ID/MEMBER_ID are created during ETL.
O04_E_SEX_VIOLENCE_VICTIM,Household Member Victimized by Sexual Offense,O,SECTION_O04_TO_O08,synthetic_household_final(4).csv,O04,Numeric,2,0,Nominal,member_reference,No,Yes,member_lookup,classified,Value is a household member LINE_NUMBER. Resolve it to the generated MEMBER_ID after HOUSEHOLD_ID/MEMBER_ID are created during ETL.
O04_F_FRAUD_VICTIM,Household Member Victimized by Fraud,O,SECTION_O04_TO_O08,synthetic_household_final(4).csv,O04,Numeric,2,0,Nominal,member_reference,No,Yes,member_lookup,classified,Value is a household member LINE_NUMBER. Resolve it to the generated MEMBER_ID after HOUSEHOLD_ID/MEMBER_ID are created during ETL.
O04_G_BRIBERY_VICTIM,Household Member Victimized by Corruption / Bribery / Extortion,O,SECTION_O04_TO_O08,synthetic_household_final(4).csv,O04,Numeric,2,0,Nominal,member_reference,No,Yes,member_lookup,classified,Value is a household member LINE_NUMBER. Resolve it to the generated MEMBER_ID after HOUSEHOLD_ID/MEMBER_ID are created during ETL.
O04_I_VEHICLE_THEFT_VICTIM,Household Member Victimized by Vehicle Theft,O,SECTION_O04_TO_O08,synthetic_household_final(4).csv,O04,Numeric,2,0,Nominal,member_reference,No,Yes,member_lookup,classified,Value is a household member LINE_NUMBER. Resolve it to the generated MEMBER_ID after HOUSEHOLD_ID/MEMBER_ID are created during ETL.
O04_J_BURGLARY_VICTIM,Household Member Victimized by Housebreaking,O,SECTION_O04_TO_O08,synthetic_household_final(4).csv,O04,Numeric,2,0,Nominal,member_reference,No,Yes,member_lookup,classified,Value is a household member LINE_NUMBER. Resolve it to the generated MEMBER_ID after HOUSEHOLD_ID/MEMBER_ID are created during ETL.
O04_K_VANDALISM_VICTIM,Household Member Victimized by Vandalism,O,SECTION_O04_TO_O08,synthetic_household_final(4).csv,O04,Numeric,2,0,Nominal,member_reference,No,Yes,member_lookup,classified,Value is a household member LINE_NUMBER. Resolve it to the generated MEMBER_ID after HOUSEHOLD_ID/MEMBER_ID are created during ETL.
O04_Z_OTHER_CRIME_VICTIM,Household Member Victimized by Other Crime,O,SECTION_O04_TO_O08,synthetic_household_final(4).csv,O04,Numeric,2,0,Nominal,member_reference,No,Yes,member_lookup,classified,Value is a household member LINE_NUMBER. Resolve it to the generated MEMBER_ID after HOUSEHOLD_ID/MEMBER_ID are created during ETL.
O05_A_THEFT_VICTIM_FREQUENCY,Number of Times Victimized by Theft of Personal Property,O,SECTION_O04_TO_O08,synthetic_household_final(4).csv,O05,Numeric,2,0,Ratio,number,No,No,direct,classified,
O05_B_ROBBERY_VICTIM_FREQUENCY,Number of Times Victimized by Robbery,O,SECTION_O04_TO_O08,synthetic_household_final(4).csv,O05,Numeric,2,0,Ratio,number,No,No,direct,classified,
O05_C_ASSAULT_VICTIM_FREQUENCY,Number of Times Victimized by Assault and Threat,O,SECTION_O04_TO_O08,synthetic_household_final(4).csv,O05,Numeric,2,0,Ratio,number,No,No,direct,classified,
O05_D_PSYCHO_VIOLENCE_VICTIM_FREQUENCY,Number of Times Victimized by Psychological Violence,O,SECTION_O04_TO_O08,synthetic_household_final(4).csv,O05,Numeric,2,0,Ratio,number,No,No,direct,classified,
O05_E_SEX_VIOLENCE_VICTIM_FREQUENCY,Number of Times Victimized by Sexual Offense,O,SECTION_O04_TO_O08,synthetic_household_final(4).csv,O05,Numeric,2,0,Ratio,number,No,No,direct,classified,
O05_F_FRAUD_VICTIM_FREQUENCY,Number of Times Victimized by Fraud,O,SECTION_O04_TO_O08,synthetic_household_final(4).csv,O05,Numeric,2,0,Ratio,number,No,No,direct,classified,
O05_G_BRIBERY_VICTIM_FREQUENCY,Number of Times Victimized by Corruption / Bribery / Extortion,O,SECTION_O04_TO_O08,synthetic_household_final(4).csv,O05,Numeric,2,0,Ratio,number,No,No,direct,classified,
O05_I_VEHICLE_THEFT_VICTIM_FREQUENCY,Number of Times Victimized by Vehicle Theft,O,SECTION_O04_TO_O08,synthetic_household_final(4).csv,O05,Numeric,2,0,Ratio,number,No,No,direct,classified,
O05_J_BURGLARY_VICTIM_FREQUENCY,Number of Times Victimized by Housebreaking,O,SECTION_O04_TO_O08,synthetic_household_final(4).csv,O05,Numeric,2,0,Ratio,number,No,No,direct,classified,
O05_K_VANDALISM_VICTIM_FREQUENCY,Number of Times Victimized by Vandalism,O,SECTION_O04_TO_O08,synthetic_household_final(4).csv,O05,Numeric,2,0,Ratio,number,No,No,direct,classified,
O05_Z_OTHER_CRIME_VICTIM_FREQUENCY,Number of Times Victimized by Other Crime,O,SECTION_O04_TO_O08,synthetic_household_final(4).csv,O05,Numeric,2,0,Ratio,number,No,No,direct,classified,
O06_A_THEFT_LOCATION_OF_CRIME,Location of Theft of Personal Property,O,SECTION_O04_TO_O08,synthetic_household_final(4).csv,O06,Numeric,1,0,Nominal,coded_category,Yes,No,codebook_lookup,classified,Translate using this variable's official CBMS choices; preserve code formatting/leading zeros.
O06_B_ROBBERY_LOCATION_OF_CRIME,Location of Robbery,O,SECTION_O04_TO_O08,synthetic_household_final(4).csv,O06,Numeric,1,0,Nominal,coded_category,Yes,No,codebook_lookup,classified,Translate using this variable's official CBMS choices; preserve code formatting/leading zeros.
O06_C_ASSAULT_LOCATION_OF_CRIME,Location of Assault and Threat,O,SECTION_O04_TO_O08,synthetic_household_final(4).csv,O06,Numeric,1,0,Nominal,coded_category,Yes,No,codebook_lookup,classified,Translate using this variable's official CBMS choices; preserve code formatting/leading zeros.
O06_D_PSYCHO_VIOLENCE_LOCATION_OF_CRIME,Location of Psychological Violence,O,SECTION_O04_TO_O08,synthetic_household_final(4).csv,O06,Numeric,1,0,Nominal,coded_category,Yes,No,codebook_lookup,classified,Translate using this variable's official CBMS choices; preserve code formatting/leading zeros.
O06_E_SEX_VIOLENCE_LOCATION_OF_CRIME,Location of Sexual Offense,O,SECTION_O04_TO_O08,synthetic_household_final(4).csv,O06,Numeric,1,0,Nominal,coded_category,Yes,No,codebook_lookup,classified,Translate using this variable's official CBMS choices; preserve code formatting/leading zeros.
O06_F_FRAUD_LOCATION_OF_CRIME,Location of Fraud,O,SECTION_O04_TO_O08,synthetic_household_final(4).csv,O06,Numeric,1,0,Nominal,coded_category,Yes,No,codebook_lookup,classified,Translate using this variable's official CBMS choices; preserve code formatting/leading zeros.
O06_G_BRIBERY_LOCATION_OF_CRIME,Location of Corruption / Bribery / Extortion,O,SECTION_O04_TO_O08,synthetic_household_final(4).csv,O06,Numeric,1,0,Nominal,coded_category,Yes,No,codebook_lookup,classified,Translate using this variable's official CBMS choices; preserve code formatting/leading zeros.
O06_I_VEHICLE_THEFT_LOCATION_OF_CRIME,Location of Vehicle Theft,O,SECTION_O04_TO_O08,synthetic_household_final(4).csv,O06,Numeric,1,0,Nominal,coded_category,Yes,No,codebook_lookup,classified,Translate using this variable's official CBMS choices; preserve code formatting/leading zeros.
O06_J_BURGLARY_LOCATION_OF_CRIME,Location of Housebreaking,O,SECTION_O04_TO_O08,synthetic_household_final(4).csv,O06,Numeric,1,0,Nominal,coded_category,Yes,No,codebook_lookup,classified,Translate using this variable's official CBMS choices; preserve code formatting/leading zeros.
O06_K_VANDALISM_LOCATION_OF_CRIME,Location of Vandalism,O,SECTION_O04_TO_O08,synthetic_household_final(4).csv,O06,Numeric,1,0,Nominal,coded_category,Yes,No,codebook_lookup,classified,Translate using this variable's official CBMS choices; preserve code formatting/leading zeros.
O06_Z_OTHER_CRIME_LOCATION_OF_CRIME,Location of Other Crime,O,SECTION_O04_TO_O08,synthetic_household_final(4).csv,O06,Numeric,1,0,Nominal,coded_category,Yes,No,codebook_lookup,classified,Translate using this variable's official CBMS choices; preserve code formatting/leading zeros.
LINE_NUMBER,Line Number,A-E,SECTION_A_TO_E,synthetic_section_a_e_indiv_final_corrected(4).csv,,Numeric,2,0,Nominal,identifier,No,No,internal_identifier,classified,Preserve as a 2-digit string when it is used as a member/record reference.
A01_LAST_NAME,Last Name,A,SECTION_A_TO_E,synthetic_section_a_e_indiv_final_corrected(4).csv,A01,Alpha,30,,Nominal,text,No,No,direct,classified,
A01_FIRST_NAME,First Name,A,SECTION_A_TO_E,synthetic_section_a_e_indiv_final_corrected(4).csv,A01,Alpha,30,,Nominal,text,No,No,direct,classified,
A01_SUFFIX,Suffix,A,SECTION_A_TO_E,synthetic_section_a_e_indiv_final_corrected(4).csv,A01,Alpha,9,,Nominal,text,No,No,direct,classified,
A01_MIDDLE_NAME,Middle Name,A,SECTION_A_TO_E,synthetic_section_a_e_indiv_final_corrected(4).csv,A01,Alpha,30,,Nominal,text,No,No,direct,classified,
A02_RELATION_TO_HH_HEAD,Relationship to the household head,A,SECTION_A_TO_E,synthetic_section_a_e_indiv_final_corrected(4).csv,A02,Numeric,2,0,Nominal,coded_category,Yes,No,codebook_lookup,classified,Translate using this variable's official CBMS choices; preserve code formatting/leading zeros.
A05_SEX,Sex,A,SECTION_A_TO_E,synthetic_section_a_e_indiv_final_corrected(4).csv,A05,Numeric,1,0,Nominal,coded_category,Yes,No,codebook_lookup,classified,Translate using this variable's official CBMS choices; preserve code formatting/leading zeros.
A07_AGE,Age,A,SECTION_A_TO_E,synthetic_section_a_e_indiv_final_corrected(4).csv,A07,Numeric,3,0,Ratio,number,No,No,direct,classified,
A09_MARITAL_STATUS,Marital status,A,SECTION_A_TO_E,synthetic_section_a_e_indiv_final_corrected(4).csv,A09,Numeric,1,0,Nominal,coded_category,Yes,No,codebook_lookup,classified,Translate using this variable's official CBMS choices; preserve code formatting/leading zeros.
A17_SOLO_PARENT,Solo Parent,A,SECTION_A_TO_E,synthetic_section_a_e_indiv_final_corrected(4).csv,A17,Numeric,1,0,Nominal,yes_no_code,Yes,No,codebook_lookup,classified,Use the official choices for this variable. Some Yes/No-style CBMS questions also allow codes such as Don't Know or Prefer Not to Answer.
A18_SOLO_PARENT_ID,Solo Parent ID,A,SECTION_A_TO_E,synthetic_section_a_e_indiv_final_corrected(4).csv,A18,Numeric,1,0,Nominal,yes_no_code,Yes,No,codebook_lookup,classified,Use the official choices for this variable. Some Yes/No-style CBMS questions also allow codes such as Don't Know or Prefer Not to Answer.
A19_SENIOR_CITIZEN_ID,Senior Citizen ID,A,SECTION_A_TO_E,synthetic_section_a_e_indiv_final_corrected(4).csv,A19,Numeric,1,0,Nominal,yes_no_code,Yes,No,codebook_lookup,classified,Use the official choices for this variable. Some Yes/No-style CBMS questions also allow codes such as Don't Know or Prefer Not to Answer.
A20_A_SEEING,"Seeing, even if wearing glasses",A,SECTION_A_TO_E,synthetic_section_a_e_indiv_final_corrected(4).csv,A20,Numeric,1,0,Nominal,coded_category,Yes,No,codebook_lookup,classified,Translate using this variable's official CBMS choices; preserve code formatting/leading zeros.
A20_B_HEARING,"Hearing, even if using hearing aid",A,SECTION_A_TO_E,synthetic_section_a_e_indiv_final_corrected(4).csv,A20,Numeric,1,0,Nominal,coded_category,Yes,No,codebook_lookup,classified,Translate using this variable's official CBMS choices; preserve code formatting/leading zeros.
A20_C_WALKING,"Walking or climbing steps, even if with cane or artificial leg",A,SECTION_A_TO_E,synthetic_section_a_e_indiv_final_corrected(4).csv,A20,Numeric,1,0,Nominal,coded_category,Yes,No,codebook_lookup,classified,Translate using this variable's official CBMS choices; preserve code formatting/leading zeros.
A20_D_REMEMBERING,Remembering or concentrating,A,SECTION_A_TO_E,synthetic_section_a_e_indiv_final_corrected(4).csv,A20,Numeric,1,0,Nominal,coded_category,Yes,No,codebook_lookup,classified,Translate using this variable's official CBMS choices; preserve code formatting/leading zeros.
A20_E_SELF_CARING,Self-caring (such as wasking all over or dressing),A,SECTION_A_TO_E,synthetic_section_a_e_indiv_final_corrected(4).csv,A20,Numeric,1,0,Nominal,coded_category,Yes,No,codebook_lookup,classified,Translate using this variable's official CBMS choices; preserve code formatting/leading zeros.
A20_F_COMMUNICATING,Communicating using his/her casual (customary) language,A,SECTION_A_TO_E,synthetic_section_a_e_indiv_final_corrected(4).csv,A20,Numeric,1,0,Nominal,coded_category,Yes,No,codebook_lookup,classified,Translate using this variable's official CBMS choices; preserve code formatting/leading zeros.
B06_OFI,Overseas Filipino Indicator,B,SECTION_A_TO_E,synthetic_section_a_e_indiv_final_corrected(4).csv,B06,Numeric,1,0,Nominal,coded_category,Yes,No,codebook_lookup,classified,Translate using this variable's official CBMS choices; preserve code formatting/leading zeros.
C01_SIMPLE_LITERACY,Basic Literacy,C,SECTION_A_TO_E,synthetic_section_a_e_indiv_final_corrected(4).csv,C01,Numeric,1,0,Nominal,yes_no_code,Yes,No,codebook_lookup,classified,Use the official choices for this variable. Some Yes/No-style CBMS questions also allow codes such as Don't Know or Prefer Not to Answer.
C02_HGC_LEVEL,Highest Grade/Year Completed (HGC) Level,C,SECTION_A_TO_E,synthetic_section_a_e_indiv_final_corrected(4).csv,C02,Numeric,1,0,Ordinal,coded_category,Yes,No,codebook_lookup,classified,This is the 1-digit Highest Grade/Year Completed LEVEL from metadata; do not replace it with the separate 8-digit detailed grade code.
C03_CURRENTLY_ATTENDING_SCHOOL,Current School Attendance,C,SECTION_A_TO_E,synthetic_section_a_e_indiv_final_corrected(4).csv,C03,Numeric,1,0,Nominal,yes_no_code,Yes,No,codebook_lookup,classified,Use the official choices for this variable. Some Yes/No-style CBMS questions also allow codes such as Don't Know or Prefer Not to Answer.
C05_CURRENT_GRADE_LEVEL,Current Grade/Year Level,C,SECTION_A_TO_E,synthetic_section_a_e_indiv_final_corrected(4).csv,C05,Numeric,8,0,Ordinal,coded_category,Yes,No,codebook_lookup,classified,8-digit education code; preserve leading zeros.
C06_REASON_NOT_ATTENDING_SCHOOL,Reason for Not Attending School,C,SECTION_A_TO_E,synthetic_section_a_e_indiv_final_corrected(4).csv,C06,Numeric,2,0,Nominal,coded_category,Yes,No,codebook_lookup,classified,Translate using this variable's official CBMS choices; preserve code formatting/leading zeros.
C07_TVET_GRADUATE,Graduate of Technical / Vocational Education and Training (TVET) Course,C,SECTION_A_TO_E,synthetic_section_a_e_indiv_final_corrected(4).csv,C07,Numeric,1,0,Nominal,yes_no_code,Yes,No,codebook_lookup,classified,Use the official choices for this variable. Some Yes/No-style CBMS questions also allow codes such as Don't Know or Prefer Not to Answer.
C08_TVET_CURRENTLY_ATTENDING,Currently Attending TVET for Skills Development,C,SECTION_A_TO_E,synthetic_section_a_e_indiv_final_corrected(4).csv,C08,Numeric,1,0,Nominal,yes_no_code,Yes,No,codebook_lookup,classified,Use the official choices for this variable. Some Yes/No-style CBMS questions also allow codes such as Don't Know or Prefer Not to Answer.
E01_WORK_PAST_WEEK,Work for at least One Hour during the Past Week,E,SECTION_A_TO_E,synthetic_section_a_e_indiv_final_corrected(4).csv,E01,Numeric,1,0,Nominal,yes_no_code,Yes,No,codebook_lookup,classified,Use the official choices for this variable. Some Yes/No-style CBMS questions also allow codes such as Don't Know or Prefer Not to Answer.
E03_JOB_OR_BUSINESS_PAST_WEEK,Did Not Work But Have a Job or Business in the Past Week,E,SECTION_A_TO_E,synthetic_section_a_e_indiv_final_corrected(4).csv,E03,Numeric,1,0,Nominal,coded_category,Yes,No,codebook_lookup,classified,Translate using this variable's official CBMS choices; preserve code formatting/leading zeros.
E11_NATURE_OF_EMPLOYMENT,Nature of Employment,E,SECTION_A_TO_E,synthetic_section_a_e_indiv_final_corrected(4).csv,E11,Numeric,1,0,Nominal,coded_category,Yes,No,codebook_lookup,classified,Translate using this variable's official CBMS choices; preserve code formatting/leading zeros.
E12_NUMBER_OF_HOURS_WORKED,Normal Working Hours per Day,E,SECTION_A_TO_E,synthetic_section_a_e_indiv_final_corrected(4).csv,E12,Numeric,2,0,Ratio,number,No,No,direct,classified,
E13_NUMBER_OF_DAYS_WORKED,Number of Days Worked,E,SECTION_A_TO_E,synthetic_section_a_e_indiv_final_corrected(4).csv,E13,Numeric,1,0,Ratio,number,No,No,direct,classified,
E14_TOTAL_NUMBER_OF_HOURS_WORKED,Number of Hours Worked,E,SECTION_A_TO_E,synthetic_section_a_e_indiv_final_corrected(4).csv,E14,Numeric,3,0,Ratio,number,No,No,direct,classified,
E15_WANT_MORE_HOURS,Want More Hours of Work,E,SECTION_A_TO_E,synthetic_section_a_e_indiv_final_corrected(4).csv,E15,Numeric,1,0,Nominal,yes_no_code,Yes,No,codebook_lookup,classified,Use the official choices for this variable. Some Yes/No-style CBMS questions also allow codes such as Don't Know or Prefer Not to Answer.
E16_LOOKING_FOR_ADDITIONAL_WORK,Looking for Additional Work,E,SECTION_A_TO_E,synthetic_section_a_e_indiv_final_corrected(4).csv,E16,Numeric,1,0,Nominal,yes_no_code,Yes,No,codebook_lookup,classified,Use the official choices for this variable. Some Yes/No-style CBMS questions also allow codes such as Don't Know or Prefer Not to Answer.
E18_CLASS_OF_WORKER,Class of Worker,E,SECTION_A_TO_E,synthetic_section_a_e_indiv_final_corrected(4).csv,E18,Numeric,1,0,Nominal,coded_category,Yes,No,codebook_lookup,classified,Translate using this variable's official CBMS choices; preserve code formatting/leading zeros.
E19_BASIS_OF_PAYMENT,Basis of Payment,E,SECTION_A_TO_E,synthetic_section_a_e_indiv_final_corrected(4).csv,E19,Numeric,1,0,Nominal,coded_category,Yes,No,codebook_lookup,classified,Translate using this variable's official CBMS choices; preserve code formatting/leading zeros.
E24_REASON_MORE_OR_LESS_HOURS,Reason for Working More Than 48 Hours or Less Than 40 Hours,E,SECTION_A_TO_E,synthetic_section_a_e_indiv_final_corrected(4).csv,E24,Numeric,2,0,Nominal,coded_category,Yes,No,codebook_lookup,classified,Translate using this variable's official CBMS choices; preserve code formatting/leading zeros.
E25_TRY_LOOK_FOR_WORK_OR_DO_BUSINESS,Look for Work or Try to Establish a Business,E,SECTION_A_TO_E,synthetic_section_a_e_indiv_final_corrected(4).csv,E25,Numeric,1,0,Nominal,yes_no_code,Yes,No,codebook_lookup,classified,Use the official choices for this variable. Some Yes/No-style CBMS questions also allow codes such as Don't Know or Prefer Not to Answer.
E29_REASON_NOT_LOOKING_FOR_WORK,Reason for Not Looking for Work,E,SECTION_A_TO_E,synthetic_section_a_e_indiv_final_corrected(4).csv,E29,Numeric,2,0,Nominal,coded_category,Yes,No,codebook_lookup,classified,Translate using this variable's official CBMS choices; preserve code formatting/leading zeros.
E31_AVAILABLE_FOR_WORK,Availability for Work,E,SECTION_A_TO_E,synthetic_section_a_e_indiv_final_corrected(4).csv,E31,Numeric,1,0,Nominal,yes_no_code,Yes,No,codebook_lookup,classified,Use the official choices for this variable. Some Yes/No-style CBMS questions also allow codes such as Don't Know or Prefer Not to Answer.
E32_WILLING_TO_WORK,Willingness to Take Up Work,E,SECTION_A_TO_E,synthetic_section_a_e_indiv_final_corrected(4).csv,E32,Numeric,1,0,Nominal,yes_no_code,Yes,No,codebook_lookup,classified,Use the official choices for this variable. Some Yes/No-style CBMS questions also allow codes such as Don't Know or Prefer Not to Answer.
E39_OWNERSHIP_OF_AGRI_LAND,Ownership of Agricultural Land/s,E,SECTION_A_TO_E,synthetic_section_a_e_indiv_final_corrected(4).csv,E39,Numeric,1,0,Nominal,yes_no_code,Yes,No,codebook_lookup,classified,Use the official choices for this variable. Some Yes/No-style CBMS questions also allow codes such as Don't Know or Prefer Not to Answer.
E40_LAND_USED_IN_AGRI_ACTIVITY,Use of Agricultural Land/s in any Agricultural Activities,E,SECTION_A_TO_E,synthetic_section_a_e_indiv_final_corrected(4).csv,E40,Numeric,1,0,Nominal,yes_no_code,Yes,No,codebook_lookup,classified,Use the official choices for this variable. Some Yes/No-style CBMS questions also allow codes such as Don't Know or Prefer Not to Answer.
SECTION_L_LINE_NUMBER,Section L Line Number,L,SECTION_L02_TO_L41,synthetic_section_l02_to_l41_final(4).csv,L,Numeric,2,0,Nominal,identifier,No,No,internal_identifier,classified,Preserve as a 2-digit string when it is used as a member/record reference.
L07_CURRENTLY_PREGNANT,Currently pregnant household member,L,SECTION_L02_TO_L41,synthetic_section_l02_to_l41_final(4).csv,L07,Numeric,2,0,Nominal,member_reference,No,Yes,member_lookup,classified,Value is a household member LINE_NUMBER. Resolve it to the generated MEMBER_ID after HOUSEHOLD_ID/MEMBER_ID are created during ETL.
L09_CURRENTLY_BREASTFEEDING,Currently lactating/breastfeeding mother,L,SECTION_L02_TO_L41,synthetic_section_l02_to_l41_final(4).csv,L09,Numeric,2,0,Nominal,member_reference,No,Yes,member_lookup,classified,Value is a household member LINE_NUMBER. Resolve it to the generated MEMBER_ID after HOUSEHOLD_ID/MEMBER_ID are created during ETL.
L16_PWD,PWD,L,SECTION_L02_TO_L41,synthetic_section_l02_to_l41_final(4).csv,L16,Numeric,2,0,Nominal,member_reference,No,Yes,member_lookup,classified,Value is a household member LINE_NUMBER. Resolve it to the generated MEMBER_ID after HOUSEHOLD_ID/MEMBER_ID are created during ETL.
L17_A_VISUAL_DISABILITY,Visual Disability,L,SECTION_L02_TO_L41,synthetic_section_l02_to_l41_final(4).csv,L17,Numeric,1,0,Nominal,yes_no_code,Yes,No,codebook_lookup,classified,Use the official choices for this variable. Some Yes/No-style CBMS questions also allow codes such as Don't Know or Prefer Not to Answer.
L17_B_DEAF_OR_HARD_OF_HEARING,Deaf or Hard of Hearing,L,SECTION_L02_TO_L41,synthetic_section_l02_to_l41_final(4).csv,L17,Numeric,1,0,Nominal,yes_no_code,Yes,No,codebook_lookup,classified,Use the official choices for this variable. Some Yes/No-style CBMS questions also allow codes such as Don't Know or Prefer Not to Answer.
L17_C_INTELLECTUAL_DISABILITY,Intellectual Disability,L,SECTION_L02_TO_L41,synthetic_section_l02_to_l41_final(4).csv,L17,Numeric,1,0,Nominal,yes_no_code,Yes,No,codebook_lookup,classified,Use the official choices for this variable. Some Yes/No-style CBMS questions also allow codes such as Don't Know or Prefer Not to Answer.
L17_D_LEARNING_DISABILITY,Learning Disability,L,SECTION_L02_TO_L41,synthetic_section_l02_to_l41_final(4).csv,L17,Numeric,1,0,Nominal,yes_no_code,Yes,No,codebook_lookup,classified,Use the official choices for this variable. Some Yes/No-style CBMS questions also allow codes such as Don't Know or Prefer Not to Answer.
L17_E_MENTAL_DISABILITY,Mental Disability,L,SECTION_L02_TO_L41,synthetic_section_l02_to_l41_final(4).csv,L17,Numeric,1,0,Nominal,yes_no_code,Yes,No,codebook_lookup,classified,Use the official choices for this variable. Some Yes/No-style CBMS questions also allow codes such as Don't Know or Prefer Not to Answer.
L17_F_PHYSICAL_DISABILITY_ORTHOPEDIC,Physical Disability (Orthopedic),L,SECTION_L02_TO_L41,synthetic_section_l02_to_l41_final(4).csv,L17,Numeric,1,0,Nominal,yes_no_code,Yes,No,codebook_lookup,classified,Use the official choices for this variable. Some Yes/No-style CBMS questions also allow codes such as Don't Know or Prefer Not to Answer.
L17_G_PSYCHOSOCIAL_DISABILITY,Psychosocial Disability,L,SECTION_L02_TO_L41,synthetic_section_l02_to_l41_final(4).csv,L17,Numeric,1,0,Nominal,yes_no_code,Yes,No,codebook_lookup,classified,Use the official choices for this variable. Some Yes/No-style CBMS questions also allow codes such as Don't Know or Prefer Not to Answer.
L17_H_SPEECH_AND_LANGUAGE_IMPAIREMENT,Speech and Language Impairement,L,SECTION_L02_TO_L41,synthetic_section_l02_to_l41_final(4).csv,L17,Numeric,1,0,Nominal,yes_no_code,Yes,No,codebook_lookup,classified,Use the official choices for this variable. Some Yes/No-style CBMS questions also allow codes such as Don't Know or Prefer Not to Answer.
L17_Z_OTHER_DISABILITY,Other disabilities,L,SECTION_L02_TO_L41,synthetic_section_l02_to_l41_final(4).csv,L17,Numeric,1,0,Nominal,yes_no_code,Yes,No,codebook_lookup,classified,Use the official choices for this variable. Some Yes/No-style CBMS questions also allow codes such as Don't Know or Prefer Not to Answer.
L18_A_VISUAL_DISABILITY_DIAGNOSED,Diagnosed Visual Disability,L,SECTION_L02_TO_L41,synthetic_section_l02_to_l41_final(4).csv,L18,Numeric,1,0,Nominal,yes_no_code,Yes,No,codebook_lookup,classified,Use the official choices for this variable. Some Yes/No-style CBMS questions also allow codes such as Don't Know or Prefer Not to Answer.
L18_B_DEAF_OR_HARD_OF_HEARING_DIAGNOSED,Diagnosed Deaf or Hard of Hearing,L,SECTION_L02_TO_L41,synthetic_section_l02_to_l41_final(4).csv,L18,Numeric,1,0,Nominal,yes_no_code,Yes,No,codebook_lookup,classified,Use the official choices for this variable. Some Yes/No-style CBMS questions also allow codes such as Don't Know or Prefer Not to Answer.
L18_C_INTELLECTUAL_DISABILITY_DIAGNOSED,Diagnosed Intellectual Disability,L,SECTION_L02_TO_L41,synthetic_section_l02_to_l41_final(4).csv,L18,Numeric,1,0,Nominal,yes_no_code,Yes,No,codebook_lookup,classified,Use the official choices for this variable. Some Yes/No-style CBMS questions also allow codes such as Don't Know or Prefer Not to Answer.
L18_D_LEARNING_DISABILITY_DIAGNOSED,Diagnosed Learning Disability,L,SECTION_L02_TO_L41,synthetic_section_l02_to_l41_final(4).csv,L18,Numeric,1,0,Nominal,yes_no_code,Yes,No,codebook_lookup,classified,Use the official choices for this variable. Some Yes/No-style CBMS questions also allow codes such as Don't Know or Prefer Not to Answer.
L18_E_MENTAL_DISABILITY_DIAGNOSED,Diagnosed Mental Disability,L,SECTION_L02_TO_L41,synthetic_section_l02_to_l41_final(4).csv,L18,Numeric,1,0,Nominal,yes_no_code,Yes,No,codebook_lookup,classified,Use the official choices for this variable. Some Yes/No-style CBMS questions also allow codes such as Don't Know or Prefer Not to Answer.
L18_F_PHYSICAL_DISABILITY_DIAGNOSED,Diagnosed Physical Disability (Orthopedic),L,SECTION_L02_TO_L41,synthetic_section_l02_to_l41_final(4).csv,L18,Numeric,1,0,Nominal,yes_no_code,Yes,No,codebook_lookup,classified,Use the official choices for this variable. Some Yes/No-style CBMS questions also allow codes such as Don't Know or Prefer Not to Answer.
L18_G_PSYCHOSOCIAL_DISABILITY_DIAGNOSED,Diagnosed Psychosocial Disability,L,SECTION_L02_TO_L41,synthetic_section_l02_to_l41_final(4).csv,L18,Numeric,1,0,Nominal,yes_no_code,Yes,No,codebook_lookup,classified,Use the official choices for this variable. Some Yes/No-style CBMS questions also allow codes such as Don't Know or Prefer Not to Answer.
L18_H_SPEECH_AND_LANGUAGE_IMPAIREMENT_DIAGNOSED,Diagnosed Speech And Language Impairement,L,SECTION_L02_TO_L41,synthetic_section_l02_to_l41_final(4).csv,L18,Numeric,1,0,Nominal,yes_no_code,Yes,No,codebook_lookup,classified,Use the official choices for this variable. Some Yes/No-style CBMS questions also allow codes such as Don't Know or Prefer Not to Answer.
L18_Z_OTHER_DISABILITY_DIAGNOSED,Other disabilities diagnosed by a doctor,L,SECTION_L02_TO_L41,synthetic_section_l02_to_l41_final(4).csv,L18,Numeric,1,0,Nominal,yes_no_code,Yes,No,codebook_lookup,classified,Use the official choices for this variable. Some Yes/No-style CBMS questions also allow codes such as Don't Know or Prefer Not to Answer.
L30_WITH_PWD_ID,Household Member with PWD ID,L,SECTION_L02_TO_L41,synthetic_section_l02_to_l41_final(4).csv,L30,Numeric,2,0,Nominal,member_reference,No,Yes,member_lookup,classified,Value is a household member LINE_NUMBER. Resolve it to the generated MEMBER_ID after HOUSEHOLD_ID/MEMBER_ID are created during ETL.
L31_SHOWN_PWD_ID,PWD ID Shown,L,SECTION_L02_TO_L41,synthetic_section_l02_to_l41_final(4).csv,L31,Numeric,1,0,Nominal,yes_no_code,Yes,No,codebook_lookup,classified,Use the official choices for this variable. Some Yes/No-style CBMS questions also allow codes such as Don't Know or Prefer Not to Answer.
L32_TYPE_OF_DISABILITY_IN_PWD_ID,Type of Disability in PWD ID Shown,L,SECTION_L02_TO_L41,synthetic_section_l02_to_l41_final(4).csv,L32,Numeric,2,0,Nominal,coded_category,Yes,No,codebook_lookup,classified,Translate using this variable's official CBMS choices; preserve code formatting/leading zeros.
L34_HAS_BEEN_SICK,Household member with illness/sickness/injury in the past month,L,SECTION_L02_TO_L41,synthetic_section_l02_to_l41_final(4).csv,L34,Numeric,2,0,Nominal,member_reference,No,Yes,member_lookup,classified,Value is a household member LINE_NUMBER. Resolve it to the generated MEMBER_ID after HOUSEHOLD_ID/MEMBER_ID are created during ETL.
L35_ACTIVITY_AFFECTED_DUE_TO_SICKNESS,Impact of Illness / Sickness / Injury to Work / School,L,SECTION_L02_TO_L41,synthetic_section_l02_to_l41_final(4).csv,L35,Numeric,1,0,Nominal,yes_no_code,Yes,No,codebook_lookup,classified,Use the official choices for this variable. Some Yes/No-style CBMS questions also allow codes such as Don't Know or Prefer Not to Answer.
L36_DAYS_AFFECTED_DUE_TO_SICKNESS,Number of Days of Illness / Sickness / Injury,L,SECTION_L02_TO_L41,synthetic_section_l02_to_l41_final(4).csv,L36,Numeric,2,0,Ratio,number,No,No,direct,classified,
L37_TYPE_OF_SICKNESS,Most Recent (or Current) Illness / Sickness / Injury,L,SECTION_L02_TO_L41,synthetic_section_l02_to_l41_final(4).csv,L37,Numeric,2,0,Nominal,coded_category,Yes,No,codebook_lookup,classified,Translate using this variable's official CBMS choices; preserve code formatting/leading zeros.
L38_AVAILED_MEDICAL_TREATMENT,Availed Medical Treatment,L,SECTION_L02_TO_L41,synthetic_section_l02_to_l41_final(4).csv,L38,Numeric,1,0,Nominal,yes_no_code,Yes,No,codebook_lookup,classified,Use the official choices for this variable. Some Yes/No-style CBMS questions also allow codes such as Don't Know or Prefer Not to Answer.
L40_PAYMENT_FOR_TREATMENT,Source of Payment for Medical Treatment,L,SECTION_L02_TO_L41,synthetic_section_l02_to_l41_final(4).csv,L40,Alpha,9,,Nominal,multi_select_code,Yes,No,multi_select_lookup,classified,May contain several letter codes together (for example AE or ACHF). Decode each selected letter separately later.
L41_REASON_NOT_AVAILED_TREATMENT,Reason for Not Availing Medical Treatment,L,SECTION_L02_TO_L41,synthetic_section_l02_to_l41_final(4).csv,L41,Numeric,1,0,Nominal,coded_category,Yes,No,codebook_lookup,classified,Translate using this variable's official CBMS choices; preserve code formatting/leading zeros.
